Datetime,Close,High,Low,Open,Volume
2024-11-07T00:00:00.000000+0000,75364.3671875,75658.7109375,75162.4140625,75634.90625,0
2024-11-07T12:00:00.000000+0000,75005.4375,75130.9765625,74767.0625,74767.0625,0
2024-11-08T00:00:00.000000+0000,76078.265625,76366.6640625,75900.03125,75900.03125,292634624
2024-11-08T12:00:00.000000+0000,76145.4140625,76207.140625,76018.625,76021.5390625,189075456
2024-11-09T00:00:00.000000+0000,76443.53125,76641.8046875,76443.53125,76549.1171875,0
2024-11-09T12:00:00.000000+0000,76343.703125,76550.3359375,76343.703125,76526.015625,0
2024-11-10T00:00:00.000000+0000,77070.53125,77070.53125,76580.65625,76721.0859375,842582016
2024-11-10T12:00:00.000000+0000,79643.5078125,80062.1875,79348.4765625,79898.1640625,3849134080
2024-11-11T00:00:00.000000+0000,80502.734375,80788.609375,80331.71875,80444.125,417406976
2024-11-11T12:00:00.000000+0000,82289.1640625,82482.40625,81860.78125,82201.765625,0
2024-11-12T00:00:00.000000+0000,88850.484375,88910.6015625,86723.609375,88741.7890625,5188984832
2024-11-12T12:00:00.000000+0000,86510.6171875,87866.9609375,86312.1640625,87218.1328125,1066893312
2024-11-13T00:00:00.000000+0000,88143.6953125,88525.375,87729.8515625,88032.2890625,0
2024-11-13T12:00:00.000000+0000,87822.78125,88084.4375,87682.7265625,87793.375,0
2024-11-14T00:00:00.000000+0000,90232.953125,90497.5390625,89813.890625,90497.5390625,0
2024-11-14T12:00:00.000000+0000,91312.671875,91609.734375,91135.46875,91539.0546875,78790656
2024-11-15T00:00:00.000000+0000,87961.6015625,88344.7421875,87302.5390625,87302.5390625,308682752
2024-11-15T12:00:00.000000+0000,89775.359375,90677.1796875,89679.9140625,89745.5625,1030799360
2024-11-16T00:00:00.000000+0000,91012.6328125,91312.0625,90912.734375,91041.71875,0
2024-11-16T12:00:00.000000+0000,90913.25,91296.71875,90660.2109375,91171.484375,0
2024-11-17T00:00:00.000000+0000,90834.3671875,90894.3359375,90560.3046875,90560.3046875,0
2024-11-17T12:00:00.000000+0000,91054.84375,91116.515625,90660.6484375,90712.2265625,0
2024-11-18T00:00:00.000000+0000,89955.65625,90093.7734375,89698.75,89849.765625,448008192
2024-11-18T12:00:00.000000+0000,90603.3671875,90734.9765625,90146.890625,90267.1953125,1318858752
2024-11-19T00:00:00.000000+0000,91157.4453125,91236.0078125,90427.921875,90489.140625,513884160
2024-11-19T12:00:00.000000+0000,92473.7734375,92509.5,91722.6640625,91722.6640625,1222139904
2024-11-20T00:00:00.000000+0000,92202.09375,92488.7578125,92173.484375,92381.0625,0
2024-11-20T12:00:00.000000+0000,93723.1328125,93773.90625,93419.3984375,93560.1640625,0
2024-11-21T00:00:00.000000+0000,94799.3671875,94963.671875,94275.5078125,94350.7578125,1192861696
2024-11-21T12:00:00.000000+0000,97415.765625,98132.453125,97415.765625,97953.9375,1759281152
2024-11-22T00:00:00.000000+0000,98053.28125,98560.75,97972.859375,98453.703125,0
2024-11-22T12:00:00.000000+0000,98713.9453125,98985.984375,98619.7265625,98935.7265625,0
2024-11-23T00:00:00.000000+0000,98789.265625,99014.6796875,98668.9296875,99005.3046875,0
2024-11-23T12:00:00.000000+0000,98660.6875,98692.0390625,98520.0546875,98548.078125,0
2024-11-24T00:00:00.000000+0000,98033.0390625,98076.8046875,97769.3359375,97769.3359375,0
2024-11-24T12:00:00.000000+0000,96905.921875,97497.375,96530.5,97389.2734375,2884636672
2024-11-25T00:00:00.000000+0000,97907.4765625,98110.03125,97640.9453125,97939.4765625,568983552
2024-11-25T12:00:00.000000+0000,97965.578125,98360.8671875,97935.1015625,98275.71875,0
2024-11-26T00:00:00.000000+0000,93992.7578125,94285.9296875,92856.0,93027.5546875,2584682496
2024-11-26T12:00:00.000000+0000,92183.9296875,92601.96875,91819.5,92368.0,4655177728
2024-11-27T00:00:00.000000+0000,91911.9140625,92374.84375,91804.3671875,91938.3203125,0
2024-11-27T12:00:00.000000+0000,93459.7734375,93459.7734375,92872.75,93375.9140625,0
2024-11-28T00:00:00.000000+0000,96560.40625,96560.40625,95871.0234375,95948.7421875,85893120
2024-11-28T12:00:00.000000+0000,95558.453125,95664.7578125,95240.1953125,95483.8984375,0
2024-11-29T00:00:00.000000+0000,95524.96875,95835.9296875,95433.3359375,95675.8984375,0
2024-11-29T12:00:00.000000+0000,97003.6796875,97506.53125,96960.6796875,97281.3203125,592699392
2024-11-30T00:00:00.000000+0000,97065.7265625,97486.3046875,97002.4921875,97486.3046875,29286400
2024-11-30T12:00:00.000000+0000,96572.2578125,96589.15625,96299.3046875,96299.3046875,0
2024-12-01T00:00:00.000000+0000,96381.8359375,96691.0390625,96344.5546875,96475.828125,0
2024-12-01T12:00:00.000000+0000,96880.1640625,97175.1328125,96880.1640625,97174.7109375,301662208
2024-12-02T00:00:00.000000+0000,97538.0859375,97665.7578125,97200.3046875,97280.265625,1133498368
2024-12-02T12:00:00.000000+0000,94986.4453125,95401.3046875,94877.0625,95142.2421875,1062510592
2024-12-03T00:00:00.000000+0000,95861.0078125,96083.2734375,95745.09375,95855.9296875,109608960
2024-12-03T12:00:00.000000+0000,94876.125,95004.8671875,94705.28125,95004.8671875,0
2024-12-04T00:00:00.000000+0000,95804.5625,96052.0703125,95672.2734375,95936.109375,72945664
2024-12-04T12:00:00.000000+0000,95990.46875,96320.34375,95862.09375,96256.3203125,290729984
2024-12-05T00:00:00.000000+0000,98409.5078125,98936.84375,98409.5078125,98690.765625,1202405376
2024-12-05T12:00:00.000000+0000,103109.171875,103109.171875,102634.609375,102643.1484375,1623695360
2024-12-06T00:00:00.000000+0000,97571.6171875,97673.578125,96546.453125,97060.8203125,2433466368
2024-12-06T12:00:00.000000+0000,97706.015625,98452.984375,97706.015625,98253.5,0
2024-12-07T00:00:00.000000+0000,100458.125,100527.15625,99778.046875,99869.9765625,0
2024-12-07T12:00:00.000000+0000,99495.328125,99786.2578125,99495.328125,99729.9296875,0
2024-12-08T00:00:00.000000+0000,100046.21875,100046.21875,99758.578125,99908.5390625,0
2024-12-08T12:00:00.000000+0000,100008.9609375,100172.5546875,99582.1015625,99763.9609375,927236096
2024-12-09T00:00:00.000000+0000,99684.640625,101222.703125,99487.4453125,101212.4765625,3380219904
2024-12-09T12:00:00.000000+0000,98543.8203125,98543.8203125,98023.8125,98059.2890625,1617162240
2024-12-10T00:00:00.000000+0000,97888.015625,98115.53125,97080.9140625,97391.328125,0
2024-12-10T12:00:00.000000+0000,97112.9921875,97852.84375,96948.5703125,97820.65625,0
2024-12-11T00:00:00.000000+0000,96456.8828125,96868.859375,95978.1875,96652.28125,60260352
2024-12-11T12:00:00.000000+0000,98300.234375,98496.9453125,98227.8359375,98330.5078125,0
2024-12-12T00:00:00.000000+0000,100834.734375,101232.9296875,100649.1640625,101189.0859375,0
2024-12-12T12:00:00.000000+0000,100869.078125,100877.953125,100360.34375,100360.34375,78938112
2024-12-13T00:00:00.000000+0000,100088.0859375,100330.3515625,99991.359375,100030.8515625,0
2024-12-13T12:00:00.000000+0000,100237.359375,100445.375,100145.6484375,100378.1484375,0
2024-12-14T00:00:00.000000+0000,101250.6953125,101489.3984375,101158.0,101434.6171875,0
2024-12-14T12:00:00.000000+0000,101277.4375,101610.6875,101268.2265625,101556.6875,0
2024-12-15T00:00:00.000000+0000,101416.4921875,101512.9765625,101227.953125,101393.6796875,0
2024-12-15T12:00:00.000000+0000,102895.6171875,103234.046875,102532.078125,102632.953125,2692743168
2024-12-16T00:00:00.000000+0000,105334.125,106408.8828125,104313.3984375,104447.6640625,6662959104
2024-12-16T12:00:00.000000+0000,103574.9765625,104070.0703125,103377.9453125,103720.0859375,0
2024-12-17T00:00:00.000000+0000,106026.1171875,106198.0078125,105761.453125,106052.015625,0
2024-12-17T12:00:00.000000+0000,107145.6015625,107145.6015625,106549.8046875,106800.5234375,0
2024-12-18T00:00:00.000000+0000,106101.5390625,106449.8125,105683.359375,106145.015625,0
2024-12-18T12:00:00.000000+0000,104976.4609375,105294.5234375,104711.75,104977.9453125,546086912
2024-12-19T00:00:00.000000+0000,100699.5546875,100905.09375,100150.28125,100150.28125,1653284864
2024-12-19T12:00:00.000000+0000,101890.125,102473.4140625,101847.1015625,102375.171875,0
2024-12-20T00:00:00.000000+0000,97219.4765625,97678.0859375,96578.4296875,97406.453125,0
2024-12-20T12:00:00.000000+0000,93711.3203125,94122.0625,92265.328125,92572.828125,6289432576
2024-12-21T00:00:00.000000+0000,97561.796875,97787.0859375,97211.09375,97768.9921875,0
2024-12-21T12:00:00.000000+0000,97148.3984375,98232.2890625,97145.0546875,98232.2890625,0
2024-12-22T00:00:00.000000+0000,97128.9765625,97351.09375,97037.875,97225.8359375,0
2024-12-22T12:00:00.000000+0000,96978.6875,97187.4765625,96801.3515625,97035.484375,0
2024-12-23T00:00:00.000000+0000,94325.0,95233.6015625,94301.2734375,95092.5703125,579923968
2024-12-23T12:00:00.000000+0000,96208.7421875,96275.4375,95780.3671875,95811.0,614780928
2024-12-24T00:00:00.000000+0000,94474.1015625,94759.3671875,94109.140625,94759.3671875,0
2024-12-24T12:00:00.000000+0000,94127.7109375,94260.9921875,93952.3671875,94260.9921875,0
2024-12-25T00:00:00.000000+0000,98493.609375,98754.1328125,98436.0390625,98623.5078125,0
2024-12-25T12:00:00.000000+0000,98083.484375,98464.0625,97622.9921875,97829.75,1646743552
2024-12-26T00:00:00.000000+0000,98952.8125,99800.578125,98939.6953125,99376.0,1066481664
2024-12-26T12:00:00.000000+0000,95544.484375,95756.515625,95380.890625,95572.890625,0
2024-12-27T00:00:00.000000+0000,95714.921875,95782.8359375,95304.453125,95652.4609375,0
2024-12-27T12:00:00.000000+0000,96555.7890625,96891.7734375,96539.625,96815.9765625,85467136
2024-12-28T00:00:00.000000+0000,94252.8671875,94349.28125,94159.828125,94159.828125,0
2024-12-28T12:00:00.000000+0000,94467.515625,94674.640625,94467.515625,94610.453125,0
2024-12-29T00:00:00.000000+0000,94961.125,95143.1171875,94899.3203125,95143.1171875,0
2024-12-29T12:00:00.000000+0000,94773.7421875,94980.9140625,94772.953125,94895.8359375,0
2024-12-30T00:00:00.000000+0000,93357.8671875,93629.765625,93353.171875,93508.3671875,626833408
2024-12-30T12:00:00.000000+0000,93618.2578125,94074.703125,93601.7265625,93744.984375,828157952
2024-12-31T00:00:00.000000+0000,92269.5625,92693.5078125,92236.4453125,92619.421875,0
2024-12-31T12:00:00.000000+0000,94414.59375,94768.4765625,94117.2734375,94117.2734375,740495360
2025-01-01T00:00:00.000000+0000,94256.0546875,94256.0546875,93312.703125,93396.03125,27361280
2025-01-01T12:00:00.000000+0000,93618.3671875,93693.484375,93230.3046875,93265.0078125,0
2025-01-02T00:00:00.000000+0000,94888.75,95117.125,94282.609375,94390.2734375,1155358720
2025-01-02T12:00:00.000000+0000,96775.15625,96775.15625,96539.5234375,96624.1953125,377077760
2025-01-03T00:00:00.000000+0000,96764.8203125,96959.9296875,96738.28125,96890.0078125,0
2025-01-03T12:00:00.000000+0000,96602.8046875,96842.6328125,96602.8046875,96688.0703125,0
2025-01-04T00:00:00.000000+0000,97915.6953125,98216.8828125,97894.2734375,98167.5703125,596103168
2025-01-04T12:00:00.000000+0000,97855.609375,97961.0234375,97771.9921875,97852.328125,0
2025-01-05T00:00:00.000000+0000,98221.90625,98333.8203125,98149.6640625,98211.265625,0
2025-01-05T12:00:00.000000+0000,97807.6953125,97879.953125,97575.1953125,97615.5703125,0
2025-01-06T00:00:00.000000+0000,98218.1875,98585.8359375,98218.1875,98448.671875,581666816
2025-01-06T12:00:00.000000+0000,99127.046875,99640.2890625,99127.046875,99254.328125,616779776
2025-01-07T00:00:00.000000+0000,102081.640625,102674.328125,102057.421875,102247.3359375,687124480
2025-01-07T12:00:00.000000+0000,100747.6171875,100911.890625,100643.9765625,100831.9921875,470818816
2025-01-08T00:00:00.000000+0000,97216.3203125,97216.3203125,96706.765625,96938.7734375,101736448
2025-01-08T12:00:00.000000+0000,94857.25,95312.0234375,94857.25,95100.9375,650387456
2025-01-09T00:00:00.000000+0000,95094.15625,95094.15625,94810.03125,95038.078125,0
2025-01-09T12:00:00.000000+0000,93349.6953125,93638.203125,93189.25,93415.1328125,0
2025-01-10T00:00:00.000000+0000,92773.15625,92815.3125,92495.1875,92529.9921875,476803072
2025-01-10T12:00:00.000000+0000,95039.0859375,95096.15625,94738.390625,95047.5390625,0
2025-01-11T00:00:00.000000+0000,94566.5625,94695.6171875,94344.7109375,94694.875,0
2025-01-11T12:00:00.000000+0000,94526.4375,94603.3125,94491.8203125,94603.3125,0
2025-01-12T00:00:00.000000+0000,94400.3046875,94613.1171875,94400.3046875,94567.640625,0
2025-01-12T12:00:00.000000+0000,94290.5390625,94536.34375,94133.6796875,94214.78125,229601280
2025-01-13T00:00:00.000000+0000,95349.0390625,95805.546875,94445.671875,94489.796875,1708417024
2025-01-13T12:00:00.000000+0000,90764.21875,91147.0390625,90241.5390625,90768.453125,4310646784
2025-01-14T00:00:00.000000+0000,94445.8515625,94797.0390625,94330.8203125,94510.078125,0
2025-01-14T12:00:00.000000+0000,96008.734375,96594.6484375,95979.8515625,96594.6484375,0
2025-01-15T00:00:00.000000+0000,96883.1953125,97189.03125,96511.7109375,96552.5234375,84008960
2025-01-15T12:00:00.000000+0000,96880.1796875,97101.25,96515.9765625,96717.59375,0
2025-01-16T00:00:00.000000+0000,99857.671875,100739.640625,99683.8515625,100500.3515625,1352970240
2025-01-16T12:00:00.000000+0000,99370.453125,99434.09375,98912.8046875,99097.1796875,483770368
2025-01-17T00:00:00.000000+0000,100122.9765625,100349.4375,99949.6953125,99981.2734375,0
2025-01-17T12:00:00.000000+0000,102739.984375,102883.65625,102205.6328125,102229.25,600023040
2025-01-18T00:00:00.000000+0000,104600.203125,104622.78125,104114.4140625,104114.4140625,110649344
2025-01-18T12:00:00.000000+0000,103442.3203125,103921.6875,103343.4140625,103540.3359375,0
2025-01-19T00:00:00.000000+0000,104068.328125,104428.34375,104057.3046875,104428.34375,0
2025-01-19T12:00:00.000000+0000,104803.8515625,104803.8515625,104220.4375,104233.5703125,1159933952
2025-01-20T00:00:00.000000+0000,99771.75,101424.3203125,99664.6640625,101165.734375,5548957696
2025-01-20T12:00:00.000000+0000,106841.9453125,108499.40625,105573.1328125,108146.6875,3419717632
2025-01-21T00:00:00.000000+0000,101252.34375,102456.28125,101252.34375,102130.6484375,0
2025-01-21T12:00:00.000000+0000,104366.015625,104598.1796875,103582.3359375,103671.9453125,0
2025-01-22T00:00:00.000000+0000,105926.640625,106234.6640625,105837.2890625,106153.734375,0
2025-01-22T12:00:00.000000+0000,105309.3046875,105544.875,105040.6875,105040.6875,0
2025-01-23T00:00:00.000000+0000,103312.1796875,103724.546875,103064.859375,103654.8125,0
2025-01-23T12:00:00.000000+0000,101606.21875,102054.953125,101411.171875,101927.0859375,1045676032
2025-01-24T00:00:00.000000+0000,103470.09375,104150.9921875,103449.0,103925.5625,0
2025-01-24T12:00:00.000000+0000,105486.2265625,105547.8046875,105227.5703125,105452.21875,0
2025-01-25T00:00:00.000000+0000,104415.6875,104839.46875,104402.9140625,104839.46875,49500160
2025-01-25T12:00:00.000000+0000,104729.0625,104751.40625,104448.8046875,104641.78125,0
2025-01-26T00:00:00.000000+0000,104586.59375,104804.078125,104543.6328125,104720.7578125,0
2025-01-26T12:00:00.000000+0000,104828.265625,104828.265625,104692.078125,104800.4765625,0
2025-01-27T00:00:00.000000+0000,101615.4765625,103186.03125,101615.4765625,102614.0078125,2631344128
2025-01-27T12:00:00.000000+0000,100622.7578125,100671.515625,98776.7265625,98776.7265625,2981806080
2025-01-28T00:00:00.000000+0000,101935.21875,102816.1640625,101860.2109375,102097.46875,0
2025-01-28T12:00:00.000000+0000,102579.8125,102955.4140625,102496.0859375,102719.1640625,0
2025-01-29T00:00:00.000000+0000,101642.265625,101763.0,101287.8359375,101287.8359375,0
2025-01-29T12:00:00.000000+0000,102202.7578125,102733.671875,102202.7578125,102586.8671875,107413504
2025-01-30T00:00:00.000000+0000,104037.984375,104078.875,103425.5546875,103718.0546875,546762752
2025-01-30T12:00:00.000000+0000,105043.5703125,105322.1796875,104905.2734375,105322.1796875,0
2025-01-31T00:00:00.000000+0000,104893.0859375,104992.7109375,104439.953125,104758.4609375,0
2025-01-31T12:00:00.000000+0000,104692.0546875,104872.4921875,104606.234375,104689.2109375,300773376
2025-02-01T00:00:00.000000+0000,102466.0078125,102541.28125,102249.765625,102405.390625,0
2025-02-01T12:00:00.000000+0000,102264.28125,102281.6171875,101984.2421875,101995.71875,0
2025-02-02T00:00:00.000000+0000,101240.390625,101278.53125,100506.703125,100624.8984375,406321152
2025-02-02T12:00:00.000000+0000,98228.625,99100.7734375,98223.890625,98823.0234375,1456144384
2025-02-03T00:00:00.000000+0000,96686.703125,97663.9140625,95702.59375,97663.9140625,5771182080
2025-02-03T12:00:00.000000+0000,94854.8359375,95598.03125,94854.8359375,95193.9140625,267550720
2025-02-04T00:00:00.000000+0000,101181.90625,101726.609375,101171.6875,101469.5859375,0
2025-02-04T12:00:00.000000+0000,99528.1796875,99646.421875,99037.421875,99037.421875,0
2025-02-05T00:00:00.000000+0000,98336.546875,98362.421875,97780.078125,97807.84375,414416896
2025-02-05T12:00:00.000000+0000,98053.09375,98702.8359375,98053.09375,98229.9921875,585404416
2025-02-06T00:00:00.000000+0000,96854.921875,96914.9921875,96517.765625,96547.3203125,162570240
2025-02-06T12:00:00.000000+0000,98365.484375,99036.609375,98365.484375,98975.9375,0
2025-02-07T00:00:00.000000+0000,96553.25,96916.4609375,96428.53125,96647.3515625,1724919808
2025-02-07T12:00:00.000000+0000,97949.1328125,98007.28125,97572.65625,97779.1953125,0
2025-02-08T00:00:00.000000+0000,96686.3984375,96853.5859375,96442.3671875,96541.4921875,536203264
2025-02-08T12:00:00.000000+0000,96070.71875,96225.578125,95933.453125,96128.2109375,370393088
2025-02-09T00:00:00.000000+0000,96583.59375,96599.6171875,96422.140625,96473.75,0
2025-02-09T12:00:00.000000+0000,96526.671875,96716.90625,96440.65625,96544.2265625,95993856
2025-02-10T00:00:00.000000+0000,96743.8125,97098.9765625,96488.453125,96488.453125,2252394496
2025-02-10T12:00:00.000000+0000,97348.171875,97794.7109375,97234.5625,97720.875,191369216
2025-02-11T00:00:00.000000+0000,97843.3671875,98107.140625,97443.0859375,97443.0859375,0
2025-02-11T12:00:00.000000+0000,97827.5,98163.703125,97729.8046875,98163.703125,657750016
2025-02-12T00:00:00.000000+0000,96075.5703125,96075.5703125,95699.7265625,95756.109375,914800640
2025-02-12T12:00:00.000000+0000,96090.0859375,96333.953125,96087.8203125,96087.8203125,309661696
2025-02-13T00:00:00.000000+0000,97810.3359375,97867.46875,97575.25,97867.46875,0
2025-02-13T12:00:00.000000+0000,95818.515625,96064.1875,95773.5546875,95925.2265625,511164416
2025-02-14T00:00:00.000000+0000,96768.0546875,96904.4609375,96598.671875,96619.46875,0
2025-02-14T12:00:00.000000+0000,96649.3359375,96899.21875,96578.5078125,96899.21875,179136512
2025-02-15T00:00:00.000000+0000,97457.2109375,97502.3671875,97277.6484375,97502.3671875,141225984
2025-02-15T12:00:00.000000+0000,97779.9296875,97832.40625,97581.6953125,97625.125,0
2025-02-16T00:00:00.000000+0000,97626.84375,97717.9140625,97586.359375,97586.359375,0
2025-02-16T12:00:00.000000+0000,97133.28125,97343.0,97129.2109375,97343.0,603999232
2025-02-17T00:00:00.000000+0000,96289.2890625,96414.9609375,96092.5078125,96137.8828125,684758016
2025-02-17T12:00:00.000000+0000,96451.7578125,96480.7109375,96058.3671875,96058.3671875,0
2025-02-18T00:00:00.000000+0000,95595.15625,96014.375,95567.7734375,95774.21875,546478080
2025-02-18T12:00:00.000000+0000,96193.4375,96216.2265625,95606.1875,95620.4140625,148576256
2025-02-19T00:00:00.000000+0000,95269.75,95709.4453125,95262.734375,95607.8671875,1107456000
2025-02-19T12:00:00.000000+0000,96187.515625,96477.3046875,96187.515625,96391.0078125,0
2025-02-20T00:00:00.000000+0000,96837.078125,96837.078125,96447.5,96628.3984375,0
2025-02-20T12:00:00.000000+0000,97430.5078125,97539.109375,97204.3125,97204.3125,945913856
2025-02-21T00:00:00.000000+0000,98252.2890625,98513.1875,98139.4453125,98338.84375,179759104
2025-02-21T12:00:00.000000+0000,98944.734375,98976.8515625,98559.0546875,98656.6953125,0
2025-02-22T00:00:00.000000+0000,96161.015625,96190.5859375,95781.3203125,96117.0703125,279121920
2025-02-22T12:00:00.000000+0000,96856.4453125,96893.484375,96556.9375,96591.28125,0
2025-02-23T00:00:00.000000+0000,96643.546875,96643.546875,96524.4921875,96571.046875,0
2025-02-23T12:00:00.000000+0000,95727.046875,96143.1171875,95698.21875,96124.6640625,120037376
2025-02-24T00:00:00.000000+0000,96296.4140625,96476.515625,96188.2109375,96267.8515625,718708736
2025-02-24T12:00:00.000000+0000,95774.625,95942.1015625,95709.7890625,95827.7578125,0
2025-02-25T00:00:00.000000+0000,91813.9765625,92065.796875,91029.2265625,91496.140625,3140804608
2025-02-25T12:00:00.000000+0000,89261.984375,89463.6484375,88905.3671875,89198.71875,1959886848
2025-02-26T00:00:00.000000+0000,88059.8046875,88512.78125,88059.8046875,88491.3359375,1410613248
2025-02-26T12:00:00.000000+0000,87811.6484375,88573.2265625,87584.6796875,88550.4609375,0
2025-02-27T00:00:00.000000+0000,84642.90625,84648.640625,83977.671875,84136.3046875,1022881792
2025-02-27T12:00:00.000000+0000,86222.9375,86690.9453125,86201.6953125,86625.2265625,0
2025-02-28T00:00:00.000000+0000,84250.6875,84780.2265625,84219.453125,84671.1640625,0
2025-02-28T12:00:00.000000+0000,80705.6328125,80705.6328125,80095.1484375,80464.6015625,1861361664
2025-03-01T00:00:00.000000+0000,83832.046875,84510.8984375,83794.234375,84330.8515625,2051235840
2025-03-01T12:00:00.000000+0000,84754.9609375,84855.1015625,84452.90625,84591.2578125,0
2025-03-02T00:00:00.000000+0000,85988.0859375,86237.3046875,85795.5625,86024.3515625,171909120
2025-03-02T12:00:00.000000+0000,85935.671875,86072.5078125,85719.671875,86072.5078125,0
2025-03-03T00:00:00.000000+0000,93371.1328125,94339.484375,93371.1328125,94292.2421875,1778946048
2025-03-03T12:00:00.000000+0000,92971.6171875,93205.2265625,92768.5703125,92768.5703125,599531520
2025-03-04T00:00:00.000000+0000,86025.7265625,86654.75,85849.375,86137.4921875,138305536
2025-03-04T12:00:00.000000+0000,83773.7734375,83890.4609375,83328.609375,83864.265625,0
2025-03-05T00:00:00.000000+0000,86752.53125,87236.25,86420.6484375,87236.25,0
2025-03-05T12:00:00.000000+0000,90336.7109375,90768.6328125,89939.6875,89939.6875,1415434240
2025-03-06T00:00:00.000000+0000,90014.40625,90793.2890625,90014.40625,90613.234375,0
2025-03-06T12:00:00.000000+0000,90213.734375,91345.125,89868.2578125,91345.125,0
2025-03-07T00:00:00.000000+0000,85555.5703125,91160.8203125,84979.53125,89959.1640625,6247034880
2025-03-07T12:00:00.000000+0000,89111.40625,89235.6328125,88375.078125,89023.0546875,0
2025-03-08T00:00:00.000000+0000,86751.8203125,86835.4765625,86542.90625,86713.375,0
2025-03-08T12:00:00.000000+0000,86201.09375,86329.671875,85794.1796875,85926.3671875,0
2025-03-09T00:00:00.000000+0000,86417.125,86417.125,86118.5703125,86186.640625,0
2025-03-09T12:00:00.000000+0000,84537.2109375,85004.2421875,84275.2109375,85004.2421875,532456448
2025-03-10T00:00:00.000000+0000,81258.703125,81374.3671875,80126.015625,80770.46875,1717096448
2025-03-10T12:00:00.000000+0000,83314.4375,83740.6640625,82658.0078125,83552.71875,1020637184
2025-03-11T00:00:00.000000+0000,77467.640625,79143.609375,76653.53125,78582.15625,655245312
2025-03-11T12:00:00.000000+0000,81272.6015625,81874.59375,81078.109375,81715.046875,0
2025-03-12T00:00:00.000000+0000,82737.0234375,83100.2890625,82603.9609375,82902.7890625,0
2025-03-12T12:00:00.000000+0000,83981.4921875,84230.234375,82867.5234375,82995.28125,1886887936
2025-03-13T00:00:00.000000+0000,83463.96875,83946.078125,83463.96875,83672.03125,0
2025-03-13T12:00:00.000000+0000,82444.0859375,83289.3203125,82358.8828125,82920.5703125,0
2025-03-14T00:00:00.000000+0000,81578.796875,81634.9765625,80835.484375,81090.296875,0
2025-03-14T12:00:00.000000+0000,83407.578125,83486.7421875,83085.265625,83224.4453125,0
2025-03-15T00:00:00.000000+0000,84326.9765625,84341.5390625,83989.8046875,83989.8046875,0
2025-03-15T12:00:00.000000+0000,84139.5546875,84260.3203125,84043.65625,84061.34375,0
2025-03-16T00:00:00.000000+0000,84268.40625,84356.4921875,84240.28125,84354.53125,0
2025-03-16T12:00:00.000000+0000,82785.9609375,82864.1875,82408.6484375,82408.6484375,554741760
2025-03-17T00:00:00.000000+0000,83053.0234375,83094.203125,82567.265625,82571.1484375,521535488
2025-03-17T12:00:00.000000+0000,83112.5,83656.25,83057.5546875,83656.25,864274432
2025-03-18T00:00:00.000000+0000,83786.703125,84033.265625,83727.875,84033.265625,0
2025-03-18T12:00:00.000000+0000,82376.7265625,82793.1953125,82373.46875,82552.625,0
2025-03-19T00:00:00.000000+0000,82977.6796875,83204.2421875,82620.40625,82702.765625,368760832
2025-03-19T12:00:00.000000+0000,83773.1875,83882.8203125,83568.1640625,83875.796875,737308672
2025-03-20T00:00:00.000000+0000,86208.9921875,87442.1953125,86031.0546875,86870.8671875,539009024
2025-03-20T12:00:00.000000+0000,85324.84375,85503.3125,85211.2421875,85477.9765625,0
2025-03-21T00:00:00.000000+0000,84428.0,84479.0859375,84164.03125,84175.25,0
2025-03-21T12:00:00.000000+0000,83387.71875,84273.2109375,83387.71875,84007.5078125,0
2025-03-22T00:00:00.000000+0000,84177.5,84205.2578125,84027.4921875,84038.984375,0
2025-03-22T12:00:00.000000+0000,84212.9921875,84266.828125,84167.125,84213.5234375,0
2025-03-23T00:00:00.000000+0000,83996.5859375,84041.4140625,83812.1171875,83831.8359375,0
2025-03-23T12:00:00.000000+0000,84716.3359375,84798.46875,84594.1953125,84685.2578125,158745600
2025-03-24T00:00:00.000000+0000,86129.765625,86606.125,85880.5625,86046.8828125,1124193280
2025-03-24T12:00:00.000000+0000,87303.8125,87681.7890625,87303.8125,87681.7890625,915441664
2025-03-25T00:00:00.000000+0000,87640.015625,87669.4140625,87328.9453125,87510.625,0
2025-03-25T12:00:00.000000+0000,87069.40625,87442.1171875,87000.140625,87442.1171875,0
2025-03-26T00:00:00.000000+0000,87686.046875,87788.8046875,87287.40625,87458.625,163766272
2025-03-26T12:00:00.000000+0000,87799.15625,88017.921875,87656.2734375,88000.09375,315447296
2025-03-27T00:00:00.000000+0000,87254.890625,87254.890625,86820.3515625,86960.8828125,111826944
2025-03-27T12:00:00.000000+0000,86759.578125,87112.140625,86748.28125,86872.2265625,0
2025-03-28T00:00:00.000000+0000,87333.3984375,87357.59375,86950.640625,87214.2109375,0
2025-03-28T12:00:00.000000+0000,85070.390625,85346.8203125,84881.71875,85212.1953125,742995968
2025-03-29T00:00:00.000000+0000,84355.78125,84567.3359375,84333.5625,84370.78125,0
2025-03-29T12:00:00.000000+0000,82403.21875,82450.015625,82148.109375,82247.03125,0
2025-03-30T00:00:00.000000+0000,82764.90625,82816.734375,82491.0078125,82589.46875,0
2025-03-30T12:00:00.000000+0000,83013.9765625,83230.578125,82968.7890625,83125.3515625,0
2025-03-31T00:00:00.000000+0000,81624.6171875,82418.125,81305.1484375,82418.125,1063555072
2025-03-31T12:00:00.000000+0000,82813.4609375,82955.46875,81942.46875,82184.1953125,1175500800
2025-04-01T00:00:00.000000+0000,82639.5234375,82753.1796875,82434.3125,82488.625,0
2025-04-01T12:00:00.000000+0000,83652.765625,84137.328125,83652.765625,83921.3984375,0
2025-04-02T00:00:00.000000+0000,84956.3828125,85233.7109375,84956.3828125,85173.4453125,0
2025-04-02T12:00:00.000000+0000,85001.078125,85001.078125,84488.28125,84575.4296875,127690752
2025-04-03T00:00:00.000000+0000,83144.140625,83369.21875,82220.53125,82510.796875,1579769856
2025-04-03T12:00:00.000000+0000,81986.046875,83073.21875,81892.2109375,83061.203125,938602496
2025-04-04T00:00:00.000000+0000,83018.515625,83361.875,82985.3828125,83141.15625,0
2025-04-04T12:00:00.000000+0000,82819.546875,82889.90625,82215.546875,82661.0859375,942739456
2025-04-05T00:00:00.000000+0000,83752.6328125,83852.8203125,83459.515625,83852.8203125,6119424
2025-04-05T12:00:00.000000+0000,83226.7890625,83499.40625,83152.0234375,83440.546875,0
2025-04-06T00:00:00.000000+0000,83479.3125,83521.5,83418.15625,83501.859375,47315968
2025-04-06T12:00:00.000000+0000,82651.03125,82913.71875,82627.3203125,82802.96875,0
2025-04-07T00:00:00.000000+0000,78291.71875,78411.7265625,77411.0859375,78337.90625,2514092032
2025-04-07T12:00:00.000000+0000,77292.4453125,77570.8359375,76449.859375,76635.1015625,4382883840
2025-04-08T00:00:00.000000+0000,79061.53125,79523.234375,79061.53125,79140.75,0
2025-04-08T12:00:00.000000+0000,79842.171875,80102.0390625,79612.375,79964.4609375,0
2025-04-09T00:00:00.000000+0000,76443.7421875,76724.09375,76026.6875,76261.1015625,549027840
2025-04-09T12:00:00.000000+0000,76803.234375,76946.796875,76028.3671875,76178.4453125,795619328
2025-04-10T00:00:00.000000+0000,82276.5703125,82651.2734375,82074.28125,82610.3125,0
2025-04-10T12:00:00.000000+0000,81632.0703125,82338.9375,81435.890625,81835.203125,0
2025-04-11T00:00:00.000000+0000,79042.3359375,79673.25,79042.3359375,79557.734375,0
2025-04-11T12:00:00.000000+0000,82000.703125,82289.9609375,81876.125,82098.9140625,0
2025-04-12T00:00:00.000000+0000,83324.3359375,83485.6953125,83235.3203125,83392.3828125,0
2025-04-12T12:00:00.000000+0000,83764.7890625,83862.75,83461.3984375,83488.9140625,0
2025-04-13T00:00:00.000000+0000,85527.3359375,85527.3359375,85019.9609375,85269.2890625,0
2025-04-13T12:00:00.000000+0000,84387.2890625,84611.7421875,84267.0,84481.453125,0
2025-04-14T00:00:00.000000+0000,84258.5703125,84921.4765625,83706.9453125,83706.9453125,1344247808
2025-04-14T12:00:00.000000+0000,85057.359375,85180.4453125,84765.1171875,84903.578125,127201280
2025-04-15T00:00:00.000000+0000,84813.1171875,84888.4375,84366.171875,84561.34375,0
2025-04-15T12:00:00.000000+0000,85771.125,85771.125,85461.8359375,85567.8046875,179382272
2025-04-16T00:00:00.000000+0000,83152.828125,83654.8828125,83152.828125,83617.484375,330975232
2025-04-16T12:00:00.000000+0000,83770.1796875,84217.9765625,83755.1015625,84025.234375,0
2025-04-17T00:00:00.000000+0000,84188.328125,84188.328125,83944.1875,84028.8828125,0
2025-04-17T12:00:00.000000+0000,84754.7109375,84826.5859375,84540.609375,84540.609375,59475968
2025-04-18T00:00:00.000000+0000,84772.8984375,85006.5625,84755.0078125,84921.125,516599808
2025-04-18T12:00:00.000000+0000,84648.546875,84732.7421875,84570.0078125,84618.8359375,0
2025-04-19T00:00:00.000000+0000,84444.53125,84470.1875,84359.6015625,84450.2890625,0
2025-04-19T12:00:00.000000+0000,85289.1875,85304.421875,85194.40625,85202.6171875,0
2025-04-20T00:00:00.000000+0000,85168.6328125,85204.90625,85052.9453125,85071.359375,148973568
2025-04-20T12:00:00.000000+0000,84364.5859375,84479.328125,84092.9609375,84131.7265625,343299072
2025-04-21T00:00:00.000000+0000,86634.2890625,86960.59375,85147.6171875,85169.609375,4144832512
2025-04-21T12:00:00.000000+0000,87066.625,87414.7734375,86978.625,86978.625,0
2025-04-22T00:00:00.000000+0000,87596.9296875,87648.8203125,87084.53125,87514.0078125,0
2025-04-22T12:00:00.000000+0000,89049.6171875,89152.578125,88520.6875,88615.65625,0
2025-04-23T00:00:00.000000+0000,92886.90625,93819.9296875,92863.21875,93466.1171875,633970688
2025-04-23T12:00:00.000000+0000,93787.5390625,93864.828125,93484.953125,93484.953125,0
2025-04-24T00:00:00.000000+0000,93409.5703125,93801.390625,93320.3984375,93703.2578125,0
2025-04-24T12:00:00.000000+0000,92755.1015625,92776.4296875,92462.625,92619.4609375,1454600192
2025-04-25T00:00:00.000000+0000,93926.9609375,93986.8828125,93605.8984375,93986.8828125,454422528
2025-04-25T12:00:00.000000+0000,94498.078125,95000.6875,94458.7578125,94773.7421875,3431788544
2025-04-26T00:00:00.000000+0000,94942.0234375,94949.015625,94630.8359375,94708.265625,600268800
2025-04-26T12:00:00.000000+0000,94281.1171875,94342.9921875,94169.0859375,94178.5,0
2025-04-27T00:00:00.000000+0000,94932.5,95008.3671875,94634.1875,94662.34375,0
2025-04-27T12:00:00.000000+0000,93812.4453125,93978.5390625,93759.625,93978.5390625,53420032
2025-04-28T00:00:00.000000+0000,93453.4453125,93769.6796875,93383.8046875,93767.9921875,0
2025-04-28T12:00:00.000000+0000,95406.7734375,95589.984375,95123.1875,95314.6875,1281503232
2025-04-29T00:00:00.000000+0000,95065.8125,95217.2421875,94882.5,95048.90625,275630080
2025-04-29T12:00:00.000000+0000,94853.2890625,95185.0703125,94838.5625,95157.625,0
2025-04-30T00:00:00.000000+0000,94496.8671875,94643.6015625,94200.046875,94272.21875,2198333440
2025-04-30T12:00:00.000000+0000,94641.78125,95213.5625,94428.9375,95208.84375,1145589760
2025-05-01T00:00:00.000000+0000,94372.2890625,94386.59375,94169.390625,94169.390625,0
2025-05-01T12:00:00.000000+0000,96388.3984375,96455.921875,96160.46875,96213.5546875,546856960
2025-05-02T00:00:00.000000+0000,97038.0078125,97038.0078125,96491.53125,96491.53125,0
2025-05-02T12:00:00.000000+0000,97179.1171875,97186.0625,96723.515625,96956.03125,0
2025-05-03T00:00:00.000000+0000,96707.8046875,96933.765625,96670.1875,96917.78125,0
2025-05-03T12:00:00.000000+0000,96145.0,96175.46875,95926.7890625,95961.5390625,0
2025-05-04T00:00:00.000000+0000,95897.765625,96044.15625,95810.4140625,95853.4921875,0
2025-05-04T12:00:00.000000+0000,95486.703125,95593.2265625,95433.6640625,95433.6640625,0
2025-05-05T00:00:00.000000+0000,94733.7578125,94795.015625,94270.5546875,94270.5546875,449959936
2025-05-05T12:00:00.000000+0000,94336.3359375,94341.1953125,93952.078125,94040.125,846260224
2025-05-06T00:00:00.000000+0000,94566.03125,94746.0390625,94439.1328125,94746.0390625,0
2025-05-06T12:00:00.000000+0000,93934.953125,93994.3125,93755.71875,93766.890625,105461760
2025-05-07T00:00:00.000000+0000,97018.640625,97019.5078125,96754.390625,96885.28125,1837819904
