Price,Close,High,Low,Open,Volume
Ticker,BTC-USD,BTC-USD,BTC-USD,BTC-USD,BTC-USD
Datetime,,,,,
2025-04-05 16:00:00+00:00,82714.9609375,82779.3125,82588.0703125,82588.0703125,0
2025-04-05 17:00:00+00:00,82846.6796875,82910.8125,82660.6875,82714.453125,0
2025-04-05 18:00:00+00:00,83046.5390625,83063.0078125,82840.328125,82840.328125,0
2025-04-05 19:00:00+00:00,82776.65625,83073.0234375,82751.9140625,83022.7265625,0
2025-04-05 20:00:00+00:00,83039.4453125,83051.8046875,82852.5859375,82852.5859375,0
2025-04-05 21:00:00+00:00,82919.4921875,83179.40625,82919.4921875,83040.984375,0
2025-04-05 22:00:00+00:00,83135.6953125,83135.6953125,82914.1328125,82914.1328125,79563776
2025-04-05 23:00:00+00:00,83463.734375,83538.65625,83134.15625,83150.2890625,34075648
2025-04-06 00:00:00+00:00,83479.3125,83521.5,83418.15625,83501.859375,47315968
2025-04-06 01:00:00+00:00,83415.25,83704.71875,83401.921875,83486.2109375,0
2025-04-06 02:00:00+00:00,83268.7734375,83438.0,83257.0390625,83406.0859375,0
2025-04-06 03:00:00+00:00,83312.640625,83362.34375,83177.546875,83272.5390625,0
2025-04-06 04:00:00+00:00,83453.1015625,83453.1015625,83248.6640625,83311.1015625,0
2025-04-06 05:00:00+00:00,83413.171875,83491.4453125,83319.0,83462.1015625,0
2025-04-06 06:00:00+00:00,83155.4453125,83420.5703125,83144.46875,83420.5703125,0
2025-04-06 07:00:00+00:00,83011.203125,83143.4453125,83011.203125,83098.5,35419136
2025-04-06 08:00:00+00:00,82990.6640625,82990.6640625,82722.390625,82976.3359375,0
2025-04-06 09:00:00+00:00,83011.796875,83094.96875,82899.5234375,82991.875,0
2025-04-06 10:00:00+00:00,82803.71875,83012.984375,82718.21875,83012.984375,55005184
2025-04-06 11:00:00+00:00,82799.0546875,82859.828125,82633.71875,82820.4375,0
2025-04-06 12:00:00+00:00,82651.03125,82913.71875,82627.3203125,82802.96875,0
2025-04-06 13:00:00+00:00,82264.3671875,82763.5234375,82252.421875,82652.2421875,0
2025-04-06 14:00:00+00:00,82512.7890625,82692.8046875,82262.3203125,82262.3203125,398101504
2025-04-06 15:00:00+00:00,82554.34375,82689.0625,82396.890625,82609.1953125,0
2025-04-06 16:00:00+00:00,81963.0234375,82522.015625,81963.0234375,82522.015625,473309184
2025-04-06 17:00:00+00:00,80709.6640625,81948.46875,80675.3046875,81948.46875,2693504000
2025-04-06 18:00:00+00:00,78977.8203125,80755.265625,78923.8515625,80755.265625,4616935424
2025-04-06 19:00:00+00:00,79597.0703125,79796.9921875,78979.4921875,79015.2265625,2863757312
2025-04-06 20:00:00+00:00,78810.0,79805.9921875,78633.4375,79610.0078125,2215884800
2025-04-06 21:00:00+00:00,78929.84375,79566.6640625,78811.8671875,78811.8671875,1563561984
2025-04-06 22:00:00+00:00,77911.8984375,79001.1875,77789.3984375,78901.71875,3671539712
2025-04-06 23:00:00+00:00,78088.5625,78530.3125,77128.8671875,77988.765625,4818337792
2025-04-07 00:00:00+00:00,78291.71875,78411.7265625,77411.0859375,78337.90625,2514092032
2025-04-07 01:00:00+00:00,79068.1953125,79247.484375,78261.421875,78261.421875,2602860544
2025-04-07 02:00:00+00:00,78382.203125,79122.3828125,78382.203125,79115.625,1091391488
2025-04-07 03:00:00+00:00,77577.6953125,78397.7734375,77342.484375,78390.953125,1881853952
2025-04-07 04:00:00+00:00,76992.4140625,77875.6640625,76710.4609375,77712.2421875,3010756608
2025-04-07 05:00:00+00:00,76824.09375,77443.3125,76661.4921875,77151.296875,2553860096
2025-04-07 06:00:00+00:00,74830.296875,77148.5546875,74511.171875,76871.3359375,6181826560
2025-04-07 07:00:00+00:00,75091.953125,75276.890625,74467.703125,74727.2265625,4674285568
2025-04-07 08:00:00+00:00,76201.3984375,76750.765625,75052.453125,75052.453125,3623022592
2025-04-07 09:00:00+00:00,76193.9609375,76698.203125,75818.625,76176.234375,2363854848
2025-04-07 10:00:00+00:00,76874.671875,77456.6875,76125.984375,76125.984375,2913062912
2025-04-07 11:00:00+00:00,76615.1015625,77315.109375,76445.78125,76938.1953125,1969881088
2025-04-07 12:00:00+00:00,77292.4453125,77570.8359375,76449.859375,76635.1015625,4382883840
2025-04-07 13:00:00+00:00,78259.15625,78259.15625,75888.9140625,77241.8046875,1150590976
2025-04-07 14:00:00+00:00,78970.8359375,81111.015625,77938.2109375,78373.0234375,14757781504
2025-04-07 15:00:00+00:00,78683.6015625,79242.484375,77934.65625,79031.8359375,5676908544
2025-04-07 16:00:00+00:00,77345.265625,78486.265625,77345.265625,78457.703125,859406336
2025-04-07 17:00:00+00:00,79064.859375,79064.859375,77409.65625,77409.65625,426115072
2025-04-07 18:00:00+00:00,78321.78125,79222.3203125,78321.78125,79046.125,0
2025-04-07 19:00:00+00:00,78234.46875,78822.96875,78087.6953125,78473.3359375,0
2025-04-07 20:00:00+00:00,78813.859375,79048.3515625,78064.828125,78064.828125,0
2025-04-07 21:00:00+00:00,79300.4921875,79447.1875,78669.078125,78908.46875,0
2025-04-07 22:00:00+00:00,79993.53125,80163.1171875,79183.2265625,79183.2265625,0
2025-04-07 23:00:00+00:00,79133.5,80022.75,79133.5,79929.4375,0
2025-04-08 00:00:00+00:00,79061.53125,79523.234375,79061.53125,79140.75,0
2025-04-08 01:00:00+00:00,80670.8671875,80726.1640625,78960.1796875,78994.703125,274046976
2025-04-08 02:00:00+00:00,79891.25,80823.890625,79891.25,80572.8046875,0
2025-04-08 03:00:00+00:00,79824.203125,80135.5859375,79767.71875,79913.890625,0
2025-04-08 04:00:00+00:00,80279.2109375,80328.3515625,79845.5859375,79871.03125,0
2025-04-08 05:00:00+00:00,79817.7578125,80279.453125,79571.4765625,80279.453125,0
2025-04-08 06:00:00+00:00,79451.9609375,79785.828125,79309.9453125,79785.828125,0
2025-04-08 07:00:00+00:00,79475.4921875,79660.328125,79252.625,79438.6171875,0
2025-04-08 08:00:00+00:00,79131.9453125,79478.328125,78948.859375,79471.5625,0
2025-04-08 09:00:00+00:00,78946.40625,79146.3671875,78854.5390625,79125.2421875,0
2025-04-08 10:00:00+00:00,78961.6796875,79151.3203125,78843.546875,78906.515625,0
2025-04-08 11:00:00+00:00,79869.5703125,79877.5,78969.03125,78969.03125,0
2025-04-08 12:00:00+00:00,79842.171875,80102.0390625,79612.375,79964.4609375,0
2025-04-08 13:00:00+00:00,79938.78125,80215.0234375,79503.0546875,79822.59375,0
2025-04-08 14:00:00+00:00,78530.4765625,80197.1328125,78530.4765625,79913.2734375,0
2025-04-08 15:00:00+00:00,78486.2109375,78738.390625,78179.15625,78456.703125,0
2025-04-08 16:00:00+00:00,77427.8046875,78467.6171875,77341.0,78467.6171875,0
2025-04-08 17:00:00+00:00,77295.171875,77367.7734375,76529.359375,77306.390625,0
2025-04-08 18:00:00+00:00,77226.828125,77662.1796875,77096.7734375,77288.375,0
2025-04-08 19:00:00+00:00,76786.71875,77287.09375,76331.171875,77238.484375,627417088
2025-04-08 20:00:00+00:00,77014.8203125,77118.375,76575.5546875,76826.328125,350687232
2025-04-08 21:00:00+00:00,77004.3671875,77184.7109375,76700.4375,77031.6796875,0
2025-04-08 22:00:00+00:00,76719.9765625,76945.140625,76222.8515625,76945.140625,0
2025-04-08 23:00:00+00:00,76261.375,76696.8359375,76253.453125,76662.734375,0
2025-04-09 00:00:00+00:00,76443.7421875,76724.09375,76026.6875,76261.1015625,549027840
2025-04-09 01:00:00+00:00,75992.8359375,76502.4453125,74627.609375,76447.3359375,2251644928
2025-04-09 02:00:00+00:00,75568.7109375,76278.2734375,75568.7109375,76021.21875,328867840
2025-04-09 03:00:00+00:00,75003.03125,75785.4765625,75003.03125,75652.0859375,640184320
2025-04-09 04:00:00+00:00,76316.8671875,76786.8125,75015.4921875,75015.4921875,2146983936
2025-04-09 05:00:00+00:00,76621.6484375,76695.515625,76229.8984375,76362.203125,435314688
2025-04-09 06:00:00+00:00,76756.546875,77160.15625,76676.265625,76676.265625,489353216
2025-04-09 07:00:00+00:00,77739.625,77879.0234375,76774.25,76774.25,2693238784
2025-04-09 08:00:00+00:00,77310.1015625,77815.171875,77067.4453125,77674.0625,0
2025-04-09 09:00:00+00:00,77472.4765625,77480.2890625,77150.765625,77259.375,0
2025-04-09 10:00:00+00:00,77440.6796875,77512.109375,76943.359375,77460.75,240209920
2025-04-09 11:00:00+00:00,76133.125,76873.09375,75773.0703125,76873.09375,2896629760
2025-04-09 12:00:00+00:00,76803.234375,76946.796875,76028.3671875,76178.4453125,795619328
2025-04-09 13:00:00+00:00,77719.2109375,77725.1484375,76688.7578125,76738.421875,549617664
2025-04-09 14:00:00+00:00,76968.9765625,78174.265625,76968.9765625,77653.09375,349700096
2025-04-09 15:00:00+00:00,77112.640625,77472.890625,76906.5546875,76906.5546875,607432704
2025-04-09 16:00:00+00:00,78161.0625,78194.2109375,77165.296875,77192.15625,0
2025-04-09 17:00:00+00:00,82134.9296875,82134.9296875,78200.5859375,78200.5859375,7960363008
2025-04-09 18:00:00+00:00,81820.40625,82842.078125,81820.40625,82167.4609375,5378441216
2025-04-09 19:00:00+00:00,82227.609375,82516.8671875,81785.6796875,81785.6796875,2264743936
2025-04-09 20:00:00+00:00,83112.9140625,83112.9140625,82035.84375,82288.203125,1788141568
2025-04-09 21:00:00+00:00,83268.90625,83528.5703125,82885.328125,83190.0390625,3547693056
2025-04-09 22:00:00+00:00,83020.6328125,83432.890625,82979.828125,83382.9296875,1380155392
2025-04-09 23:00:00+00:00,82527.4140625,83094.078125,82527.4140625,83032.3828125,0
2025-04-10 00:00:00+00:00,82276.5703125,82651.2734375,82074.28125,82610.3125,0
2025-04-10 01:00:00+00:00,82207.5546875,82537.8984375,82207.5546875,82316.9609375,0
2025-04-10 02:00:00+00:00,82190.1875,82506.859375,82188.6875,82215.4765625,0
2025-04-10 03:00:00+00:00,81660.9296875,82186.609375,81449.4296875,82186.609375,0
2025-04-10 04:00:00+00:00,81964.609375,81979.25,81631.2890625,81787.625,0
2025-04-10 05:00:00+00:00,82140.8125,82171.1796875,81910.2734375,81970.9453125,0
2025-04-10 06:00:00+00:00,82095.390625,82290.09375,81853.7890625,82113.3828125,0
2025-04-10 07:00:00+00:00,81566.0546875,82163.6484375,81335.40625,82117.5703125,0
2025-04-10 08:00:00+00:00,81478.4765625,81760.2578125,81403.8125,81562.390625,409149440
2025-04-10 09:00:00+00:00,82011.4140625,82011.4140625,81342.109375,81506.109375,0
2025-04-10 10:00:00+00:00,81698.3828125,82086.09375,81563.7890625,82008.109375,243310592
2025-04-10 11:00:00+00:00,81824.625,81853.8359375,81472.75,81704.4296875,0
2025-04-10 12:00:00+00:00,81632.0703125,82338.9375,81435.890625,81835.203125,0
2025-04-10 13:00:00+00:00,80862.578125,81855.8515625,80840.921875,81660.328125,513482752
2025-04-10 14:00:00+00:00,81234.6015625,81739.796875,80632.8828125,80826.859375,0
2025-04-10 15:00:00+00:00,78640.9453125,81198.25,78640.9453125,81198.25,1327046656
2025-04-10 16:00:00+00:00,79403.6875,79568.171875,78577.8203125,78699.6171875,2340438016
2025-04-10 17:00:00+00:00,79343.8125,79401.3828125,78625.796875,79400.390625,0
2025-04-10 18:00:00+00:00,79499.9765625,79765.75,79263.546875,79287.015625,0
2025-04-10 19:00:00+00:00,79790.328125,79790.328125,79265.8046875,79447.0234375,0
2025-04-10 20:00:00+00:00,79811.546875,79883.515625,79538.6640625,79589.046875,0
2025-04-10 21:00:00+00:00,79675.046875,79959.46875,79653.7265625,79836.7109375,0
2025-04-10 22:00:00+00:00,79664.3125,79851.0078125,79528.9765625,79652.296875,0
2025-04-10 23:00:00+00:00,79560.1484375,79676.6484375,79404.1015625,79608.8984375,116011008
2025-04-11 00:00:00+00:00,79042.3359375,79673.25,79042.3359375,79557.734375,0
2025-04-11 01:00:00+00:00,80377.7890625,80377.7890625,78969.890625,78969.890625,26558464
2025-04-11 02:00:00+00:00,80246.2265625,80720.078125,80119.875,80356.7890625,1101811712
2025-04-11 03:00:00+00:00,80762.4921875,80792.703125,80288.140625,80288.140625,0
2025-04-11 04:00:00+00:00,80839.1640625,80954.515625,80691.96875,80780.609375,774815744
2025-04-11 05:00:00+00:00,80766.9609375,80831.375,80485.4375,80831.375,0
2025-04-11 06:00:00+00:00,81031.234375,81227.0078125,80864.1015625,80864.1015625,923131904
2025-04-11 07:00:00+00:00,81211.6484375,81361.5625,80824.8984375,81039.6875,0
2025-04-11 08:00:00+00:00,81517.8984375,81662.578125,80829.265625,81220.4921875,937967616
2025-04-11 09:00:00+00:00,82296.140625,82362.6015625,81435.0625,81536.515625,1206435840
2025-04-11 10:00:00+00:00,82587.2265625,82893.015625,82265.59375,82350.7421875,464678912
2025-04-11 11:00:00+00:00,82134.5859375,82796.578125,81984.59375,82610.515625,643305472
2025-04-11 12:00:00+00:00,82000.703125,82289.9609375,81876.125,82098.9140625,0
2025-04-11 13:00:00+00:00,82794.6875,83216.5234375,81812.0234375,82043.5546875,458985472
2025-04-11 14:00:00+00:00,81887.59375,82705.5234375,81316.6796875,82553.15625,0
2025-04-11 15:00:00+00:00,82480.0625,82591.2890625,81709.1796875,81867.1796875,0
2025-04-11 16:00:00+00:00,82785.4375,82945.0390625,82008.125,82462.4765625,0
2025-04-11 17:00:00+00:00,83846.5859375,83951.640625,82705.9921875,82757.7265625,0
2025-04-11 18:00:00+00:00,83574.8984375,84140.921875,83574.8984375,83859.8984375,221515776
2025-04-11 19:00:00+00:00,83853.390625,83870.5625,83605.3984375,83605.3984375,0
2025-04-11 20:00:00+00:00,83822.8046875,83975.2578125,83690.734375,83802.046875,731062272
2025-04-11 21:00:00+00:00,83678.4453125,84199.625,83621.578125,83816.4921875,568762368
2025-04-11 22:00:00+00:00,83399.3515625,83651.6171875,83305.578125,83644.578125,0
2025-04-11 23:00:00+00:00,83434.4453125,83489.3125,83135.8671875,83389.234375,0
2025-04-12 00:00:00+00:00,83324.3359375,83485.6953125,83235.3203125,83392.3828125,0
2025-04-12 01:00:00+00:00,83152.859375,83369.1875,83120.5625,83327.1796875,0
2025-04-12 02:00:00+00:00,82903.9765625,83230.1171875,82897.53125,83193.59375,0
2025-04-12 03:00:00+00:00,82927.84375,83082.0859375,82815.3203125,82817.3671875,78069760
2025-04-12 04:00:00+00:00,83252.7890625,83252.7890625,82833.3359375,82931.6328125,0
2025-04-12 05:00:00+00:00,83296.09375,83431.2109375,83164.5703125,83164.5703125,0
2025-04-12 06:00:00+00:00,83541.4375,83697.390625,83296.4765625,83296.4765625,89047040
2025-04-12 07:00:00+00:00,83667.4140625,83764.359375,83472.1484375,83531.2265625,0
2025-04-12 08:00:00+00:00,83572.6875,83912.8359375,83483.6796875,83696.9296875,0
2025-04-12 09:00:00+00:00,83499.5546875,83703.1953125,83417.546875,83579.8359375,0
2025-04-12 10:00:00+00:00,83385.4765625,83487.3359375,83287.6953125,83456.2890625,0
2025-04-12 11:00:00+00:00,83494.9140625,83588.53125,83421.3125,83421.3125,0
2025-04-12 12:00:00+00:00,83764.7890625,83862.75,83461.3984375,83488.9140625,0
2025-04-12 13:00:00+00:00,84445.9453125,84484.46875,83568.453125,83795.8203125,0
2025-04-12 14:00:00+00:00,84888.9765625,85182.8828125,84331.7421875,84338.6875,420292608
2025-04-12 15:00:00+00:00,85001.0234375,85359.71875,84642.65625,84830.75,0
2025-04-12 16:00:00+00:00,84637.5859375,85128.8359375,84592.9375,84980.9296875,368056320
2025-04-12 17:00:00+00:00,84733.359375,84809.2421875,84425.6484375,84625.9140625,0
2025-04-12 18:00:00+00:00,85150.9453125,85162.3203125,84729.3984375,84729.3984375,0
2025-04-12 19:00:00+00:00,84894.3671875,85168.515625,84845.9921875,85152.921875,0
2025-04-12 20:00:00+00:00,85564.953125,85798.859375,84896.0625,84919.4453125,0
2025-04-12 21:00:00+00:00,85374.140625,85510.4453125,85286.1875,85499.7734375,341655552
2025-04-12 22:00:00+00:00,85344.4375,85652.109375,85324.3515625,85381.0078125,0
2025-04-12 23:00:00+00:00,85271.6171875,85376.6796875,85168.8359375,85335.3984375,0
2025-04-13 00:00:00+00:00,85527.3359375,85527.3359375,85019.9609375,85269.2890625,0
2025-04-13 01:00:00+00:00,85231.5078125,85862.5,85177.5859375,85478.1328125,964362240
2025-04-13 02:00:00+00:00,85373.5234375,85373.5234375,84773.6171875,85278.3984375,566882304
2025-04-13 03:00:00+00:00,85383.8203125,85623.09375,85276.7578125,85292.0546875,1758539776
2025-04-13 04:00:00+00:00,84523.8203125,85408.8125,84492.8515625,85408.8125,7772160
2025-04-13 05:00:00+00:00,84484.6484375,84727.625,84386.4453125,84563.3984375,1954041856
2025-04-13 06:00:00+00:00,84596.1640625,84768.1796875,84460.5625,84489.28125,0
2025-04-13 07:00:00+00:00,84448.8515625,84734.75,84444.5546875,84587.8671875,0
2025-04-13 08:00:00+00:00,84620.796875,84620.796875,84264.90625,84401.25,0
2025-04-13 09:00:00+00:00,84883.3828125,84883.3828125,84507.546875,84633.5625,0
2025-04-13 10:00:00+00:00,84670.078125,84904.203125,84526.7734375,84904.203125,758687744
2025-04-13 11:00:00+00:00,84445.3359375,84705.0,84296.3828125,84671.5234375,136161280
2025-04-13 12:00:00+00:00,84387.2890625,84611.7421875,84267.0,84481.453125,0
2025-04-13 13:00:00+00:00,83510.0,84535.65625,83492.0390625,84399.5234375,0
2025-04-13 14:00:00+00:00,84047.203125,84069.71875,83494.0625,83494.0625,0
2025-04-13 15:00:00+00:00,83793.859375,84048.328125,83664.1796875,84048.328125,0
2025-04-13 16:00:00+00:00,84220.1875,84309.5234375,83803.90625,83803.90625,527046656
2025-04-13 17:00:00+00:00,84791.5703125,84848.1484375,84196.4609375,84207.359375,663627776
2025-04-13 18:00:00+00:00,84683.453125,84912.96875,84526.78125,84753.703125,0
2025-04-13 19:00:00+00:00,83916.5859375,84706.1875,83180.84375,84706.1875,1381150720
2025-04-13 20:00:00+00:00,83457.8046875,84311.96875,83247.078125,83926.84375,923617280
2025-04-13 21:00:00+00:00,83598.8125,83734.609375,83044.5625,83477.5390625,0
2025-04-13 22:00:00+00:00,83304.40625,83741.3671875,83154.5625,83560.4140625,1234771968
2025-04-13 23:00:00+00:00,83702.3515625,83747.453125,83206.0859375,83232.859375,0
2025-04-14 00:00:00+00:00,84258.5703125,84921.4765625,83706.9453125,83706.9453125,1344247808
2025-04-14 01:00:00+00:00,84093.171875,84591.5,84081.421875,84320.3515625,188291072
2025-04-14 02:00:00+00:00,85077.8203125,85436.59375,84030.53125,84080.2421875,1059778560
2025-04-14 03:00:00+00:00,84494.984375,85085.3671875,84465.8984375,85085.3671875,771563520
2025-04-14 04:00:00+00:00,84903.890625,85041.1953125,84438.4453125,84533.3125,0
2025-04-14 05:00:00+00:00,84511.09375,84937.3984375,84333.8203125,84849.0859375,0
2025-04-14 06:00:00+00:00,84565.2734375,84595.3515625,84264.40625,84524.1171875,0
2025-04-14 07:00:00+00:00,84559.5859375,84725.046875,84273.8359375,84572.6640625,299986944
2025-04-14 08:00:00+00:00,84717.1953125,84841.0859375,84441.125,84533.75,848865280
2025-04-14 09:00:00+00:00,84421.1875,84863.71875,84263.28125,84730.421875,154312704
2025-04-14 10:00:00+00:00,84680.015625,84768.9609375,84334.375,84428.375,297322496
2025-04-14 11:00:00+00:00,84869.34375,84900.078125,84497.28125,84633.0546875,137523200
2025-04-14 12:00:00+00:00,85057.359375,85180.4453125,84765.1171875,84903.578125,127201280
2025-04-14 13:00:00+00:00,84463.1875,85243.421875,84098.703125,85094.3203125,0
2025-04-14 14:00:00+00:00,85450.1484375,85746.6484375,84345.4375,84370.6484375,1508581376
2025-04-14 15:00:00+00:00,84114.8125,85325.6015625,83778.3203125,85325.6015625,2166917120
2025-04-14 16:00:00+00:00,84367.96875,84611.8203125,83898.5078125,84123.9296875,83849216
2025-04-14 17:00:00+00:00,84820.328125,84827.6171875,84244.8203125,84344.875,743993344
2025-04-14 18:00:00+00:00,84941.0859375,85023.796875,84750.203125,84852.34375,275619840
2025-04-14 19:00:00+00:00,84881.8125,85164.6015625,84788.8203125,84993.859375,0
2025-04-14 20:00:00+00:00,84891.3984375,84891.3984375,84575.5390625,84887.25,0
2025-04-14 21:00:00+00:00,84709.9296875,84932.6328125,84471.296875,84838.0625,0
2025-04-14 22:00:00+00:00,84491.5703125,84685.1875,84440.9609375,84685.1875,0
2025-04-14 23:00:00+00:00,84518.3515625,84722.859375,84443.1640625,84496.8046875,333803520
2025-04-15 00:00:00+00:00,84813.1171875,84888.4375,84366.171875,84561.34375,0
2025-04-15 01:00:00+00:00,84973.4140625,85109.796875,84575.375,84873.8125,0
2025-04-15 02:00:00+00:00,85110.5,85122.3203125,84746.90625,84938.859375,0
2025-04-15 03:00:00+00:00,85353.8046875,85353.8046875,85067.4296875,85247.4453125,0
2025-04-15 04:00:00+00:00,85473.6484375,85488.34375,85154.375,85357.7109375,0
2025-04-15 05:00:00+00:00,85557.0390625,85795.9921875,85465.5390625,85465.5390625,420657152
2025-04-15 06:00:00+00:00,85369.625,85632.21875,85344.5078125,85545.765625,130719744
2025-04-15 07:00:00+00:00,85661.09375,85739.0,85367.34375,85367.34375,541382656
2025-04-15 08:00:00+00:00,85770.78125,85926.4296875,85695.6875,85695.6875,0
2025-04-15 09:00:00+00:00,85940.515625,85940.515625,85622.7734375,85799.6328125,250662912
2025-04-15 10:00:00+00:00,85612.015625,85962.03125,85456.5625,85955.703125,110467072
2025-04-15 11:00:00+00:00,85554.703125,85651.9296875,85385.03125,85630.7109375,0
2025-04-15 12:00:00+00:00,85771.125,85771.125,85461.8359375,85567.8046875,179382272
2025-04-15 13:00:00+00:00,85642.75,86411.9296875,85636.7265625,85796.328125,0
2025-04-15 14:00:00+00:00,85171.9375,85926.1953125,84873.53125,85584.046875,1779957760
2025-04-15 15:00:00+00:00,84793.171875,85367.84375,84646.859375,85152.2421875,0
2025-04-15 16:00:00+00:00,84817.34375,85088.8125,84817.34375,84873.625,0
2025-04-15 17:00:00+00:00,84512.1015625,84991.109375,84456.7578125,84837.578125,0
2025-04-15 18:00:00+00:00,84194.03125,84561.9375,84185.6796875,84483.015625,82735104
2025-04-15 19:00:00+00:00,84010.5234375,84194.7265625,83923.1328125,84192.203125,201334784
2025-04-15 20:00:00+00:00,83947.0703125,84184.0703125,83828.2109375,84000.375,0
2025-04-15 21:00:00+00:00,84188.2578125,84203.8984375,83893.625,84005.515625,0
2025-04-15 22:00:00+00:00,83793.53125,84181.140625,83702.3359375,84181.140625,0
2025-04-15 23:00:00+00:00,83628.125,83833.9375,83606.3515625,83833.9375,1123444736
2025-04-16 00:00:00+00:00,83152.828125,83654.8828125,83152.828125,83617.484375,330975232
2025-04-16 01:00:00+00:00,83613.2421875,83624.2265625,83145.7109375,83145.7109375,239351808
2025-04-16 02:00:00+00:00,83876.2109375,83876.2421875,83603.3984375,83603.3984375,42477568
2025-04-16 03:00:00+00:00,83704.734375,83924.328125,83665.9921875,83871.34375,0
2025-04-16 04:00:00+00:00,83540.1875,83761.8046875,83426.9609375,83696.3125,0
2025-04-16 05:00:00+00:00,83435.265625,83774.890625,83228.90625,83563.7265625,432144384
2025-04-16 06:00:00+00:00,83655.5390625,83685.7421875,83299.4296875,83363.046875,222099456
2025-04-16 07:00:00+00:00,83325.65625,83715.1953125,83325.65625,83638.5234375,0
2025-04-16 08:00:00+00:00,83662.0546875,84035.0234375,83170.4296875,83334.8125,0
2025-04-16 09:00:00+00:00,83608.578125,83871.53125,83608.578125,83733.8515625,933885952
2025-04-16 10:00:00+00:00,83942.8984375,83965.671875,83626.46875,83627.953125,0
2025-04-16 11:00:00+00:00,84029.796875,84106.3046875,83797.3046875,83940.3203125,712536064
2025-04-16 12:00:00+00:00,83770.1796875,84217.9765625,83755.1015625,84025.234375,0
2025-04-16 13:00:00+00:00,83806.1171875,84089.09375,83598.4375,83766.0546875,0
2025-04-16 14:00:00+00:00,84550.8046875,84714.546875,83780.84375,83784.7109375,0
2025-04-16 15:00:00+00:00,84879.2421875,85232.09375,84549.046875,84587.6015625,1359015936
2025-04-16 16:00:00+00:00,85063.453125,85171.3125,84729.046875,84836.3984375,0
2025-04-16 17:00:00+00:00,83360.2109375,85414.34375,83360.2109375,85053.4296875,1304793088
2025-04-16 18:00:00+00:00,84036.1015625,84420.0546875,83314.8515625,83314.8515625,2102308864
2025-04-16 19:00:00+00:00,84382.3984375,84471.5625,83817.171875,84103.2109375,303247360
2025-04-16 20:00:00+00:00,84275.6640625,84618.0078125,84255.0859375,84350.5546875,634488832
2025-04-16 21:00:00+00:00,84572.296875,84665.296875,84267.171875,84293.1171875,0
2025-04-16 22:00:00+00:00,84491.2890625,84581.9375,84311.21875,84548.7578125,306606080
2025-04-16 23:00:00+00:00,84035.1328125,84468.609375,84031.1328125,84468.609375,0
2025-04-17 00:00:00+00:00,84188.328125,84188.328125,83944.1875,84028.8828125,0
2025-04-17 01:00:00+00:00,84307.5078125,84472.234375,84122.4375,84189.6875,0
2025-04-17 02:00:00+00:00,84247.8359375,84309.5859375,84056.4140625,84309.5859375,0
2025-04-17 03:00:00+00:00,83994.875,84273.6640625,83832.2734375,84260.1796875,140847104
2025-04-17 04:00:00+00:00,84140.59375,84160.6015625,83906.1875,83992.5078125,0
2025-04-17 05:00:00+00:00,84381.140625,84459.9765625,84093.375,84159.875,288423936
2025-04-17 06:00:00+00:00,84808.0078125,84808.0078125,84346.015625,84363.625,0
2025-04-17 07:00:00+00:00,84622.6953125,84970.3046875,84602.1015625,84801.1484375,0
2025-04-17 08:00:00+00:00,84433.2890625,84737.1875,84425.7734375,84637.96875,0
2025-04-17 09:00:00+00:00,84462.0703125,84502.765625,84344.1015625,84439.734375,469020672
2025-04-17 10:00:00+00:00,84340.1171875,84482.4765625,84217.328125,84456.1796875,0
2025-04-17 11:00:00+00:00,84553.984375,84705.734375,84267.7578125,84345.828125,568154112
2025-04-17 12:00:00+00:00,84754.7109375,84826.5859375,84540.609375,84540.609375,59475968
2025-04-17 13:00:00+00:00,84406.1875,84754.046875,84344.3828125,84754.046875,0
2025-04-17 14:00:00+00:00,84074.1640625,84437.015625,83798.46875,84437.015625,0
2025-04-17 15:00:00+00:00,84502.734375,84658.421875,84077.8984375,84077.8984375,0
2025-04-17 16:00:00+00:00,84929.8828125,85025.53125,84412.265625,84520.0234375,2637375488
2025-04-17 17:00:00+00:00,85147.125,85190.1328125,84825.4375,84932.6484375,0
2025-04-17 18:00:00+00:00,85098.75,85440.8671875,85070.609375,85113.640625,0
2025-04-17 19:00:00+00:00,84896.4375,85107.8125,84551.8671875,84942.78125,0
2025-04-17 20:00:00+00:00,85121.4921875,85136.15625,84870.2265625,84870.2265625,0
2025-04-17 21:00:00+00:00,85067.6640625,85137.7265625,84902.5078125,85137.7265625,0
2025-04-17 22:00:00+00:00,84750.1171875,85078.625,84749.7578125,85063.0,0
2025-04-17 23:00:00+00:00,84896.9921875,85008.9453125,84748.84375,84748.84375,504631296
2025-04-18 00:00:00+00:00,84772.8984375,85006.5625,84755.0078125,84921.125,516599808
2025-04-18 01:00:00+00:00,84937.5390625,85076.953125,84766.046875,84766.046875,66314240
2025-04-18 02:00:00+00:00,84899.5859375,84972.78125,84820.59375,84930.28125,0
2025-04-18 03:00:00+00:00,84816.9921875,84900.203125,84738.859375,84900.203125,0
2025-04-18 04:00:00+00:00,84670.2578125,84827.1640625,84605.6484375,84823.7890625,0
2025-04-18 05:00:00+00:00,84729.234375,84729.234375,84548.484375,84676.4609375,0
2025-04-18 06:00:00+00:00,84710.984375,84747.1171875,84588.9765625,84727.484375,0
2025-04-18 07:00:00+00:00,84624.2265625,84731.6171875,84443.1640625,84713.921875,0
2025-04-18 08:00:00+00:00,84615.40625,84744.4140625,84610.40625,84624.9296875,0
2025-04-18 09:00:00+00:00,84549.546875,84618.140625,84528.546875,84618.140625,601878528
2025-04-18 10:00:00+00:00,84509.953125,84630.1953125,84488.9140625,84546.3984375,0
2025-04-18 11:00:00+00:00,84607.3125,84607.3125,84482.1171875,84505.3671875,0
2025-04-18 12:00:00+00:00,84648.546875,84732.7421875,84570.0078125,84618.8359375,0
2025-04-18 13:00:00+00:00,84542.7109375,84642.9296875,84473.6796875,84642.9296875,118646784
2025-04-18 14:00:00+00:00,84536.609375,84582.5390625,84413.6875,84550.9609375,0
2025-04-18 15:00:00+00:00,84359.8203125,84574.390625,84340.1328125,84557.28125,0
2025-04-18 16:00:00+00:00,84449.8125,84527.59375,84337.4921875,84365.1171875,0
2025-04-18 17:00:00+00:00,84542.40625,84566.7265625,84380.4765625,84472.9921875,0
2025-04-18 18:00:00+00:00,84593.59375,84615.1953125,84521.0546875,84556.7109375,0
2025-04-18 19:00:00+00:00,84522.2578125,84617.03125,84513.21875,84605.7109375,0
2025-04-18 20:00:00+00:00,84485.375,84606.6328125,84462.734375,84531.703125,0
2025-04-18 21:00:00+00:00,84594.6640625,84646.6484375,84478.5078125,84493.2265625,0
2025-04-18 22:00:00+00:00,84515.984375,84612.6796875,84444.7109375,84588.609375,0
2025-04-18 23:00:00+00:00,84441.7734375,84513.3203125,84350.28125,84513.1796875,0
2025-04-19 00:00:00+00:00,84444.53125,84470.1875,84359.6015625,84450.2890625,0
2025-04-19 01:00:00+00:00,84541.59375,84571.1796875,84437.921875,84441.0390625,0
2025-04-19 02:00:00+00:00,84750.421875,84750.421875,84483.8203125,84536.640625,91801600
2025-04-19 03:00:00+00:00,84887.9453125,84947.4296875,84764.7265625,84764.7265625,301216768
2025-04-19 04:00:00+00:00,85010.046875,85216.96875,84881.1640625,84881.1640625,0
2025-04-19 05:00:00+00:00,85070.671875,85163.5234375,84997.9921875,85012.265625,626525184
2025-04-19 06:00:00+00:00,84933.203125,85091.1875,84897.3984375,85076.703125,77770752
2025-04-19 07:00:00+00:00,85202.8046875,85226.546875,84912.078125,84918.015625,0
2025-04-19 08:00:00+00:00,85297.4453125,85351.390625,85098.9609375,85207.8046875,0
2025-04-19 09:00:00+00:00,85355.8984375,85420.25,85243.1171875,85306.5625,0
2025-04-19 10:00:00+00:00,85229.8828125,85342.53125,85164.6796875,85342.53125,645479424
2025-04-19 11:00:00+00:00,85216.390625,85258.4453125,85150.46875,85241.203125,112775168
2025-04-19 12:00:00+00:00,85289.1875,85304.421875,85194.40625,85202.6171875,0
2025-04-19 13:00:00+00:00,85463.9296875,85463.9296875,85210.7890625,85285.65625,43832320
2025-04-19 14:00:00+00:00,85378.6953125,85469.546875,85349.9921875,85464.7890625,0
2025-04-19 15:00:00+00:00,85185.265625,85571.2109375,85128.34375,85374.2734375,842814464
2025-04-19 16:00:00+00:00,84830.2578125,85307.625,84744.6875,85165.765625,0
2025-04-19 17:00:00+00:00,85210.2734375,85210.2734375,84832.0625,84832.0625,713989120
2025-04-19 18:00:00+00:00,85128.328125,85277.859375,85115.5859375,85199.8359375,0
2025-04-19 19:00:00+00:00,85087.8359375,85164.0859375,85043.7265625,85127.6328125,774542336
2025-04-19 20:00:00+00:00,85200.625,85252.0859375,85039.046875,85080.234375,0
2025-04-19 21:00:00+00:00,85317.46875,85342.21875,85180.328125,85189.7890625,2186240
2025-04-19 22:00:00+00:00,85245.7890625,85341.0390625,85214.6484375,85322.2890625,0
2025-04-19 23:00:00+00:00,85095.8203125,85250.359375,85095.8203125,85245.1953125,0
2025-04-20 00:00:00+00:00,85168.6328125,85204.90625,85052.9453125,85071.359375,148973568
2025-04-20 01:00:00+00:00,85274.5390625,85283.96875,85151.421875,85155.640625,24627200
2025-04-20 02:00:00+00:00,85224.234375,85299.2578125,85201.8671875,85282.515625,0
2025-04-20 03:00:00+00:00,85151.6875,85237.640625,85114.7109375,85223.6875,219079680
2025-04-20 04:00:00+00:00,85175.5859375,85228.3359375,85106.7890625,85165.9765625,0
2025-04-20 05:00:00+00:00,85096.34375,85192.4453125,85096.34375,85177.796875,0
2025-04-20 06:00:00+00:00,84946.890625,85153.703125,84867.546875,85093.234375,0
2025-04-20 07:00:00+00:00,84786.0546875,84951.3359375,84686.4375,84951.3359375,1218136064
2025-04-20 08:00:00+00:00,84642.2734375,84786.9765625,84618.6640625,84786.9765625,0
2025-04-20 09:00:00+00:00,84521.515625,84635.2578125,84470.0859375,84634.4296875,571886592
2025-04-20 10:00:00+00:00,84165.1171875,84536.2421875,84012.21875,84536.2421875,0
2025-04-20 11:00:00+00:00,84126.890625,84229.125,83992.4765625,84169.9921875,945187840
2025-04-20 12:00:00+00:00,84364.5859375,84479.328125,84092.9609375,84131.7265625,343299072
2025-04-20 13:00:00+00:00,84366.5546875,84438.171875,84187.796875,84359.0234375,0
2025-04-20 14:00:00+00:00,84633.2421875,84633.2421875,84277.390625,84348.0546875,848567296
2025-04-20 15:00:00+00:00,84359.3671875,84627.8671875,84317.1796875,84627.8671875,0
2025-04-20 16:00:00+00:00,84606.5,84606.5,84312.9375,84354.2578125,0
2025-04-20 17:00:00+00:00,84568.921875,84614.6875,84458.6328125,84614.6875,0
2025-04-20 18:00:00+00:00,84573.3984375,84623.734375,84485.9375,84576.703125,0
2025-04-20 19:00:00+00:00,84644.1953125,84649.34375,84525.1875,84574.4921875,0
2025-04-20 20:00:00+00:00,85047.109375,85181.203125,84593.59375,84640.171875,666427392
2025-04-20 21:00:00+00:00,84994.2421875,85138.2421875,84934.984375,85081.6328125,916228096
2025-04-20 22:00:00+00:00,84817.9296875,85002.0703125,84685.4921875,85002.0703125,295222272
2025-04-20 23:00:00+00:00,85125.859375,85240.953125,84826.0078125,84826.0078125,472529920
2025-04-21 00:00:00+00:00,86634.2890625,86960.59375,85147.6171875,85169.609375,4144832512
2025-04-21 01:00:00+00:00,87289.03125,87388.21875,86553.3515625,86553.3515625,2901684224
2025-04-21 02:00:00+00:00,87361.0234375,87578.109375,87133.515625,87291.078125,1827758080
2025-04-21 03:00:00+00:00,87203.0546875,87509.484375,87203.0546875,87349.9375,173686784
2025-04-21 04:00:00+00:00,87332.1875,87338.203125,87051.28125,87189.5234375,928325632
2025-04-21 05:00:00+00:00,87541.4921875,87668.796875,87337.3203125,87346.6015625,743616512
2025-04-21 06:00:00+00:00,87496.5859375,87609.46875,87366.0703125,87547.3984375,1097879552
2025-04-21 07:00:00+00:00,87435.6796875,87575.2734375,87387.59375,87501.4921875,0
2025-04-21 08:00:00+00:00,87595.40625,87678.3515625,87427.734375,87436.1953125,947099648
2025-04-21 09:00:00+00:00,87493.8125,87712.421875,87291.625,87583.5625,0
2025-04-21 10:00:00+00:00,87355.2578125,87529.890625,87254.4921875,87501.734375,221310976
2025-04-21 11:00:00+00:00,86966.71875,87349.5859375,86682.2578125,87349.5859375,1090789376
2025-04-21 12:00:00+00:00,87066.625,87414.7734375,86978.625,86978.625,0
2025-04-21 13:00:00+00:00,87080.609375,87503.8984375,86809.3046875,87041.4765625,1398519808
2025-04-21 14:00:00+00:00,88168.6015625,88425.1015625,86970.9375,87063.6640625,4841220096
2025-04-21 15:00:00+00:00,88072.875,88320.6640625,87915.1015625,88232.0625,1249261568
2025-04-21 16:00:00+00:00,87082.0625,88254.21875,87082.0625,88080.3671875,1271525376
2025-04-21 17:00:00+00:00,86798.7890625,87288.5859375,86410.5859375,87146.6015625,2301939712
2025-04-21 18:00:00+00:00,86825.546875,87011.9140625,86701.4375,86755.734375,1877413888
2025-04-21 19:00:00+00:00,87380.0625,87462.5859375,86743.71875,86806.6484375,1384026112
2025-04-21 20:00:00+00:00,87254.2890625,87429.9921875,87159.0078125,87429.9921875,0
2025-04-21 21:00:00+00:00,87295.8515625,87328.1953125,87047.1953125,87279.25,315998208
2025-04-21 22:00:00+00:00,87130.3515625,87280.03125,86968.1171875,87280.03125,808951808
2025-04-21 23:00:00+00:00,87519.1328125,87567.34375,87058.796875,87147.203125,0
2025-04-22 00:00:00+00:00,87596.9296875,87648.8203125,87084.53125,87514.0078125,0
2025-04-22 01:00:00+00:00,88420.2265625,88821.46875,87542.6875,87649.3046875,0
2025-04-22 02:00:00+00:00,88144.65625,88622.890625,87934.453125,88426.890625,0
2025-04-22 03:00:00+00:00,88116.859375,88253.6484375,87861.1640625,88148.6328125,775372800
2025-04-22 04:00:00+00:00,88051.453125,88318.5546875,88051.453125,88137.03125,0
2025-04-22 05:00:00+00:00,88380.6953125,88380.6953125,87974.03125,88055.7578125,0
2025-04-22 06:00:00+00:00,88183.6953125,88430.359375,88010.7421875,88380.15625,662061056
2025-04-22 07:00:00+00:00,88456.234375,88456.234375,88171.21875,88226.421875,0
2025-04-22 08:00:00+00:00,88398.9296875,88644.3203125,88338.6640625,88445.25,389640192
2025-04-22 09:00:00+00:00,88511.1328125,88582.84375,88339.1953125,88398.9453125,180277248
2025-04-22 10:00:00+00:00,88530.015625,88575.4140625,88282.71875,88533.1484375,0
2025-04-22 11:00:00+00:00,88618.6015625,88674.625,88498.6640625,88520.421875,0
2025-04-22 12:00:00+00:00,89049.6171875,89152.578125,88520.6875,88615.65625,0
2025-04-22 13:00:00+00:00,90104.265625,90468.25,89001.1875,89001.1875,3978575872
2025-04-22 14:00:00+00:00,90839.109375,90887.609375,90107.15625,90222.7578125,57794560
2025-04-22 15:00:00+00:00,90849.25,91447.1953125,90467.1796875,90823.390625,3445551104
2025-04-22 16:00:00+00:00,90711.4453125,91059.859375,90711.4453125,90941.265625,675151872
2025-04-22 17:00:00+00:00,91491.8671875,91491.8671875,90736.3359375,90736.3359375,0
2025-04-22 18:00:00+00:00,91533.453125,91598.1640625,91204.25,91485.9921875,201285632
2025-04-22 19:00:00+00:00,91399.7265625,91731.078125,91134.796875,91556.8671875,0
2025-04-22 20:00:00+00:00,91145.7890625,91557.03125,91117.15625,91529.0859375,2122764288
2025-04-22 21:00:00+00:00,92927.2421875,93461.0703125,91136.859375,91164.3515625,3004043264
2025-04-22 22:00:00+00:00,92836.296875,93257.328125,92628.8671875,93026.1015625,3869949952
2025-04-22 23:00:00+00:00,93477.8984375,93784.2265625,92859.3359375,92859.3359375,2679369728
2025-04-23 00:00:00+00:00,92886.90625,93819.9296875,92863.21875,93466.1171875,633970688
2025-04-23 01:00:00+00:00,92651.6796875,93449.265625,92651.6796875,92905.859375,0
2025-04-23 02:00:00+00:00,92897.2109375,93159.484375,92671.671875,92678.5234375,1532350464
2025-04-23 03:00:00+00:00,93178.5546875,93178.5546875,92729.046875,92895.7890625,0
2025-04-23 04:00:00+00:00,93665.3984375,93665.3984375,93057.828125,93181.4921875,0
2025-04-23 05:00:00+00:00,93493.8203125,93697.5234375,93330.6640625,93697.5234375,405245952
2025-04-23 06:00:00+00:00,93719.34375,93871.8359375,93455.484375,93503.375,978489344
2025-04-23 07:00:00+00:00,93890.5859375,93896.5,93519.1171875,93645.515625,0
2025-04-23 08:00:00+00:00,94301.21875,94430.40625,93945.40625,94146.890625,1851207680
2025-04-23 09:00:00+00:00,93950.1796875,94374.9375,93950.1796875,94302.34375,0
2025-04-23 10:00:00+00:00,93725.96875,93923.9765625,93428.984375,93923.9765625,1343631360
2025-04-23 11:00:00+00:00,93437.2578125,93793.6796875,93376.546875,93740.8828125,773607424
2025-04-23 12:00:00+00:00,93787.5390625,93864.828125,93484.953125,93484.953125,0
2025-04-23 13:00:00+00:00,93019.703125,94171.859375,93019.703125,93747.9296875,0
2025-04-23 14:00:00+00:00,92952.6171875,93595.1484375,92746.1328125,92970.96875,0
2025-04-23 15:00:00+00:00,93091.9609375,93096.875,91973.3203125,92970.296875,0
2025-04-23 16:00:00+00:00,93665.234375,93724.40625,92940.2734375,93212.34375,921776128
2025-04-23 17:00:00+00:00,93922.234375,93922.234375,93639.484375,93663.6875,0
2025-04-23 18:00:00+00:00,93701.7421875,94206.046875,93666.6171875,93914.2734375,0
2025-04-23 19:00:00+00:00,93603.5390625,93647.6484375,93021.875,93647.6484375,0
2025-04-23 20:00:00+00:00,93748.8203125,93891.421875,93559.171875,93559.171875,0
2025-04-23 21:00:00+00:00,93422.515625,93904.4609375,93378.265625,93712.1640625,0
2025-04-23 22:00:00+00:00,93786.234375,93786.234375,93299.296875,93510.09375,0
2025-04-23 23:00:00+00:00,93663.7890625,93853.9609375,93556.125,93799.71875,0
2025-04-24 00:00:00+00:00,93409.5703125,93801.390625,93320.3984375,93703.2578125,0
2025-04-24 01:00:00+00:00,93620.328125,93620.328125,93134.375,93412.203125,0
2025-04-24 02:00:00+00:00,93132.78125,93624.21875,93089.6328125,93553.359375,0
2025-04-24 03:00:00+00:00,92711.703125,93305.3671875,92711.703125,93132.296875,175923200
2025-04-24 04:00:00+00:00,92765.75,92784.234375,92408.5078125,92695.515625,348495872
2025-04-24 05:00:00+00:00,92603.7265625,92904.515625,92576.046875,92769.15625,0
2025-04-24 06:00:00+00:00,92354.203125,92667.53125,92294.21875,92594.8125,0
2025-04-24 07:00:00+00:00,92212.96875,92592.96875,92144.90625,92424.7890625,503259136
2025-04-24 08:00:00+00:00,92018.9453125,92353.828125,91719.390625,92213.8828125,0
2025-04-24 09:00:00+00:00,92464.171875,92521.3359375,92046.375,92046.375,938668032
2025-04-24 10:00:00+00:00,92631.1640625,92648.6640625,92409.578125,92479.0703125,0
2025-04-24 11:00:00+00:00,92606.1640625,92636.421875,92300.9375,92583.484375,0
2025-04-24 12:00:00+00:00,92755.1015625,92776.4296875,92462.625,92619.4609375,1454600192
2025-04-24 13:00:00+00:00,92711.296875,92950.328125,92606.6328125,92774.2421875,0
2025-04-24 14:00:00+00:00,93094.2578125,93390.4609375,92695.875,92844.6640625,0
2025-04-24 15:00:00+00:00,93279.3828125,93420.6484375,93065.2890625,93099.2578125,0
2025-04-24 16:00:00+00:00,93498.359375,93611.4453125,93244.96875,93244.96875,0
2025-04-24 17:00:00+00:00,93019.109375,93431.3515625,92741.8046875,93388.9609375,0
2025-04-24 18:00:00+00:00,93411.21875,93471.484375,93027.5390625,93027.5390625,0
2025-04-24 19:00:00+00:00,93678.234375,93684.5078125,93244.1328125,93407.2890625,0
2025-04-24 20:00:00+00:00,93498.4609375,93625.890625,93368.3828125,93621.09375,0
2025-04-24 21:00:00+00:00,93380.34375,93589.3515625,93093.734375,93483.4140625,0
2025-04-24 22:00:00+00:00,93450.4296875,93618.09375,93341.6484375,93387.609375,448151552
2025-04-24 23:00:00+00:00,93907.7734375,94006.1796875,93423.359375,93458.0078125,855492608
2025-04-25 00:00:00+00:00,93926.9609375,93986.8828125,93605.8984375,93986.8828125,454422528
2025-04-25 01:00:00+00:00,93695.921875,94430.8828125,93680.6015625,93930.09375,242497536
2025-04-25 02:00:00+00:00,93008.40625,93870.7265625,92936.1796875,93709.8359375,477200384
2025-04-25 03:00:00+00:00,93310.953125,93401.140625,92901.4609375,93004.625,645216256
2025-04-25 04:00:00+00:00,93114.1484375,93527.546875,93095.4453125,93327.1328125,0
2025-04-25 05:00:00+00:00,93258.796875,93429.7734375,93069.3359375,93104.875,795287552
2025-04-25 06:00:00+00:00,93579.421875,93626.9140625,93238.6640625,93238.6640625,0
2025-04-25 07:00:00+00:00,93797.2109375,93854.3125,93530.3671875,93580.1328125,639121408
2025-04-25 08:00:00+00:00,93720.84375,93834.8203125,93670.0859375,93803.5078125,0
2025-04-25 09:00:00+00:00,93845.625,93863.8359375,93593.328125,93704.8046875,0
2025-04-25 10:00:00+00:00,93672.3984375,93931.4609375,93640.0078125,93867.5546875,120262656
2025-04-25 11:00:00+00:00,94618.296875,94618.296875,93669.609375,93669.609375,0
2025-04-25 12:00:00+00:00,94498.078125,95000.6875,94458.7578125,94773.7421875,3431788544
2025-04-25 13:00:00+00:00,94497.0625,94655.9296875,94044.9296875,94457.484375,1048172544
2025-04-25 14:00:00+00:00,95521.484375,95757.453125,94474.1796875,94474.1796875,3054592000
2025-04-25 15:00:00+00:00,95161.7734375,95704.140625,94955.6015625,95437.359375,1663479808
2025-04-25 16:00:00+00:00,95290.9609375,95414.6953125,94822.84375,95141.4375,797958144
2025-04-25 17:00:00+00:00,94567.2265625,95580.46875,94452.953125,95288.1796875,0
2025-04-25 18:00:00+00:00,95025.109375,95266.65625,94617.7421875,94617.7421875,1144881152
2025-04-25 19:00:00+00:00,95300.015625,95306.6015625,94974.3828125,95018.9375,336109568
2025-04-25 20:00:00+00:00,94968.8125,95386.6796875,94862.046875,95355.859375,131792896
2025-04-25 21:00:00+00:00,94571.046875,95098.875,94571.046875,94899.109375,0
2025-04-25 22:00:00+00:00,94912.234375,95016.203125,94680.5703125,94680.5703125,1380315136
2025-04-25 23:00:00+00:00,94736.796875,95002.5703125,94684.015625,94911.984375,0
2025-04-26 00:00:00+00:00,94942.0234375,94949.015625,94630.8359375,94708.265625,600268800
2025-04-26 01:00:00+00:00,95058.375,95251.359375,94831.3671875,94945.3125,0
2025-04-26 02:00:00+00:00,95090.9765625,95148.84375,94775.8515625,95067.5703125,0
2025-04-26 03:00:00+00:00,94787.9765625,95086.3203125,94764.5390625,95052.046875,0
2025-04-26 04:00:00+00:00,94573.6875,94850.09375,94573.6875,94788.390625,0
2025-04-26 05:00:00+00:00,94693.0625,94727.4296875,94495.53125,94613.890625,569225216
2025-04-26 06:00:00+00:00,94685.0234375,94783.9453125,94637.984375,94672.5078125,0
2025-04-26 07:00:00+00:00,94683.5546875,94818.4609375,94675.515625,94675.515625,0
2025-04-26 08:00:00+00:00,94379.0,94698.75,94339.4140625,94649.5625,0
2025-04-26 09:00:00+00:00,94291.875,94446.875,94182.9921875,94361.109375,0
2025-04-26 10:00:00+00:00,94280.3515625,94417.4375,94227.6953125,94310.671875,244834304
2025-04-26 11:00:00+00:00,94195.65625,94278.5078125,94067.3984375,94226.1171875,0
2025-04-26 12:00:00+00:00,94281.1171875,94342.9921875,94169.0859375,94178.5,0
2025-04-26 13:00:00+00:00,94073.578125,94339.7109375,93948.1640625,94256.828125,0
2025-04-26 14:00:00+00:00,94284.2109375,94288.296875,93986.71875,94182.78125,0
2025-04-26 15:00:00+00:00,94417.96875,94428.4609375,94233.1640625,94278.484375,0
2025-04-26 16:00:00+00:00,94324.7578125,94406.25,94146.6640625,94406.25,0
2025-04-26 17:00:00+00:00,94349.1875,94387.4609375,94296.6796875,94325.8125,0
2025-04-26 18:00:00+00:00,94206.078125,94394.53125,94206.078125,94330.0859375,0
2025-04-26 19:00:00+00:00,94277.0546875,94315.0390625,94168.546875,94208.59375,0
2025-04-26 20:00:00+00:00,94200.515625,94410.7890625,94197.6875,94351.9453125,33579008
2025-04-26 21:00:00+00:00,94370.5390625,94389.296875,94146.0703125,94146.0703125,0
2025-04-26 22:00:00+00:00,94702.5390625,94819.5546875,94385.0703125,94385.0703125,0
2025-04-26 23:00:00+00:00,94665.6484375,94886.15625,94621.8984375,94809.84375,730867712
2025-04-27 00:00:00+00:00,94932.5,95008.3671875,94634.1875,94662.34375,0
2025-04-27 01:00:00+00:00,94179.9140625,95296.8828125,94179.9140625,94911.75,774244352
2025-04-27 02:00:00+00:00,94346.5703125,94501.7578125,94175.0234375,94185.9921875,279273472
2025-04-27 03:00:00+00:00,94188.0390625,94472.0859375,94188.0390625,94364.1796875,771012608
2025-04-27 04:00:00+00:00,94085.421875,94305.2265625,94085.421875,94189.2109375,0
2025-04-27 05:00:00+00:00,93936.7890625,94156.90625,93794.0234375,94050.1953125,1145749504
2025-04-27 06:00:00+00:00,94042.9375,94123.7734375,93926.40625,93965.5625,74106880
2025-04-27 07:00:00+00:00,94105.1015625,94167.3125,93986.890625,94064.8359375,54779904
2025-04-27 08:00:00+00:00,94249.9765625,94340.671875,94053.6875,94105.0390625,0
2025-04-27 09:00:00+00:00,94195.0,94251.515625,94143.6328125,94246.203125,0
2025-04-27 10:00:00+00:00,94042.4765625,94203.8515625,93997.1875,94185.0234375,0
2025-04-27 11:00:00+00:00,93996.9375,94097.3828125,93925.09375,94080.8984375,0
2025-04-27 12:00:00+00:00,93812.4453125,93978.5390625,93759.625,93978.5390625,53420032
2025-04-27 13:00:00+00:00,94103.015625,94103.015625,93670.03125,93781.046875,43999232
2025-04-27 14:00:00+00:00,94002.5625,94190.8125,94002.5625,94107.3984375,0
2025-04-27 15:00:00+00:00,93959.15625,94028.828125,93848.8046875,94019.8359375,583060480
2025-04-27 16:00:00+00:00,93801.2265625,93961.875,93799.65625,93952.890625,0
2025-04-27 17:00:00+00:00,94089.171875,94170.328125,93854.8203125,93907.8125,318783488
2025-04-27 18:00:00+00:00,94317.4765625,94406.6953125,94045.40625,94076.546875,185905152
2025-04-27 19:00:00+00:00,94436.8125,94450.5,94267.265625,94310.8125,11956224
2025-04-27 20:00:00+00:00,94340.15625,94458.4140625,94305.203125,94458.4140625,0
2025-04-27 21:00:00+00:00,94400.078125,94519.9453125,94226.59375,94298.5390625,0
2025-04-27 22:00:00+00:00,93987.5,94305.0078125,93738.1796875,94305.0078125,93773824
2025-04-27 23:00:00+00:00,93817.1484375,93899.3046875,93728.6640625,93899.3046875,673417216
2025-04-28 00:00:00+00:00,93453.4453125,93769.6796875,93383.8046875,93767.9921875,0
2025-04-28 01:00:00+00:00,92955.2578125,93607.7265625,92879.1484375,93452.734375,0
2025-04-28 02:00:00+00:00,93606.5,93633.4921875,92962.8671875,92962.8671875,463902720
2025-04-28 03:00:00+00:00,93895.171875,93945.2109375,93534.6015625,93631.3125,1205929984
2025-04-28 04:00:00+00:00,94037.5390625,94203.8203125,93874.1640625,93874.1640625,650313728
2025-04-28 05:00:00+00:00,94260.28125,94284.09375,94028.59375,94057.9921875,30525440
2025-04-28 06:00:00+00:00,94636.71875,94666.28125,94253.1640625,94253.1640625,57399296
2025-04-28 07:00:00+00:00,94730.0,94799.3828125,94541.546875,94665.796875,810700800
2025-04-28 08:00:00+00:00,94719.8203125,94852.7734375,94670.5859375,94727.765625,189253632
2025-04-28 09:00:00+00:00,94766.0546875,94900.8828125,94710.5625,94738.53125,0
2025-04-28 10:00:00+00:00,95083.2421875,95238.5703125,94397.8359375,94777.6171875,478660608
2025-04-28 11:00:00+00:00,95274.96875,95555.1171875,95050.9765625,95086.0,2773721088
2025-04-28 12:00:00+00:00,95406.7734375,95589.984375,95123.1875,95314.6875,1281503232
2025-04-28 13:00:00+00:00,94109.7890625,95414.359375,94109.7890625,95372.0234375,1882933248
2025-04-28 14:00:00+00:00,94440.3046875,94863.09375,94000.96875,94000.96875,1767729152
2025-04-28 15:00:00+00:00,93787.671875,94539.828125,93680.640625,94491.453125,1934039040
2025-04-28 16:00:00+00:00,93721.5078125,94066.4296875,93523.8671875,93849.6328125,0
2025-04-28 17:00:00+00:00,94114.921875,94114.921875,93582.7265625,93775.1171875,294227968
2025-04-28 18:00:00+00:00,94239.5390625,94249.4375,93841.8828125,94128.53125,244518912
2025-04-28 19:00:00+00:00,94834.171875,94937.609375,94237.09375,94237.09375,1685499904
2025-04-28 20:00:00+00:00,94516.515625,94828.6015625,94438.0859375,94828.6015625,0
2025-04-28 21:00:00+00:00,94542.0625,94567.4765625,94325.515625,94496.3828125,0
2025-04-28 22:00:00+00:00,94852.4921875,94902.046875,94510.265625,94557.9140625,0
2025-04-28 23:00:00+00:00,95011.09375,95189.1484375,94845.078125,94845.078125,1202501632
2025-04-29 00:00:00+00:00,95065.8125,95217.2421875,94882.5,95048.90625,275630080
2025-04-29 01:00:00+00:00,94989.7578125,95440.0,94850.4375,95090.3125,0
2025-04-29 02:00:00+00:00,94667.6953125,94953.4609375,94569.8359375,94915.6875,0
2025-04-29 03:00:00+00:00,94695.6484375,94810.2734375,94524.2578125,94654.765625,450531328
2025-04-29 04:00:00+00:00,94361.671875,94895.1640625,94361.671875,94691.2734375,0
2025-04-29 05:00:00+00:00,94310.875,94418.15625,94248.984375,94384.15625,1422194688
2025-04-29 06:00:00+00:00,94833.59375,94833.59375,94306.0234375,94306.0234375,0
2025-04-29 07:00:00+00:00,94963.578125,94995.53125,94749.015625,94825.046875,451168256
2025-04-29 08:00:00+00:00,95033.21875,95113.140625,94864.5703125,94957.8125,0
2025-04-29 09:00:00+00:00,95026.375,95093.875,94840.1953125,95055.0078125,369389568
2025-04-29 10:00:00+00:00,94832.484375,95050.6953125,94813.2578125,95013.7890625,0
2025-04-29 11:00:00+00:00,95171.171875,95282.4609375,94837.015625,94837.015625,0
2025-04-29 12:00:00+00:00,94853.2890625,95185.0703125,94838.5625,95157.625,0
2025-04-29 13:00:00+00:00,94962.2734375,95005.671875,94672.328125,94840.953125,0
2025-04-29 14:00:00+00:00,95083.453125,95242.609375,94656.3515625,94871.1953125,0
2025-04-29 15:00:00+00:00,94846.7890625,95120.34375,94793.078125,95072.375,20088832
2025-04-29 16:00:00+00:00,95004.3046875,95466.671875,94852.875,94865.2265625,0
2025-04-29 17:00:00+00:00,95308.46875,95369.5546875,94746.078125,94995.859375,539021312
2025-04-29 18:00:00+00:00,95433.9609375,95471.6171875,95137.921875,95253.3515625,1212116992
2025-04-29 19:00:00+00:00,95372.0625,95456.4453125,95266.8515625,95433.46875,0
2025-04-29 20:00:00+00:00,94874.9375,95397.484375,94859.625,95339.4140625,93511680
2025-04-29 21:00:00+00:00,94780.7109375,94945.8359375,94442.84375,94869.65625,0
2025-04-29 22:00:00+00:00,94217.5390625,94771.734375,94109.109375,94771.734375,2809931776
2025-04-29 23:00:00+00:00,94287.4375,94310.890625,93821.1015625,94190.4296875,0
2025-04-30 00:00:00+00:00,94496.8671875,94643.6015625,94200.046875,94272.21875,2198333440
2025-04-30 01:00:00+00:00,94544.484375,94621.8671875,94316.6171875,94573.8359375,0
2025-04-30 02:00:00+00:00,94657.359375,94785.890625,94477.4921875,94549.171875,0
2025-04-30 03:00:00+00:00,95023.671875,95139.015625,94548.265625,94669.6484375,0
2025-04-30 04:00:00+00:00,95065.859375,95127.7265625,94909.5390625,95036.8046875,32352256
2025-04-30 05:00:00+00:00,94913.0859375,95109.4609375,94913.0859375,95072.0703125,0
2025-04-30 06:00:00+00:00,94779.71875,94977.5859375,94776.671875,94913.3984375,0
2025-04-30 07:00:00+00:00,94621.2578125,94895.8125,94550.1953125,94772.6875,763893760
2025-04-30 08:00:00+00:00,94725.25,94777.6328125,94569.4375,94635.9140625,0
2025-04-30 09:00:00+00:00,94989.515625,95022.2578125,94698.9609375,94742.1875,0
2025-04-30 10:00:00+00:00,94950.9140625,95041.1875,94903.3125,94987.8046875,0
2025-04-30 11:00:00+00:00,95223.5390625,95223.5390625,94962.328125,94962.328125,0
2025-04-30 12:00:00+00:00,94641.78125,95213.5625,94428.9375,95208.84375,1145589760
2025-04-30 13:00:00+00:00,93088.8203125,94658.65625,93088.8203125,94627.171875,0
2025-04-30 14:00:00+00:00,93829.0859375,94317.6171875,93036.0859375,93076.7421875,4305496064
2025-04-30 15:00:00+00:00,94036.4453125,94085.484375,93727.8203125,93775.4921875,491864064
2025-04-30 16:00:00+00:00,93956.8671875,94133.78125,93629.6484375,94021.3515625,10967040
2025-04-30 17:00:00+00:00,94110.4765625,94272.859375,93786.4609375,94003.3984375,0
2025-04-30 18:00:00+00:00,94103.2109375,94447.7109375,94047.625,94111.8125,0
2025-04-30 19:00:00+00:00,94237.2421875,94237.2421875,93769.265625,94138.515625,0
2025-04-30 20:00:00+00:00,94653.3671875,94721.5390625,94168.609375,94168.609375,1064081408
2025-04-30 21:00:00+00:00,94419.125,94733.9609375,94419.125,94595.0078125,0
2025-04-30 22:00:00+00:00,94120.5546875,94700.2734375,94105.4453125,94547.0078125,0
2025-04-30 23:00:00+00:00,94201.046875,94336.9765625,94030.8515625,94156.6875,0
2025-05-01 00:00:00+00:00,94372.2890625,94386.59375,94169.390625,94169.390625,0
2025-05-01 01:00:00+00:00,94610.8203125,94709.96875,94422.2734375,94422.2734375,0
2025-05-01 02:00:00+00:00,94833.171875,94972.9453125,94656.109375,94656.109375,318189568
2025-05-01 03:00:00+00:00,94788.671875,94985.359375,94723.9140625,94845.234375,1298710528
2025-05-01 04:00:00+00:00,94882.953125,94915.859375,94755.6640625,94782.890625,0
2025-05-01 05:00:00+00:00,95156.1796875,95158.765625,94875.5390625,94886.578125,0
2025-05-01 06:00:00+00:00,94888.28125,95187.2109375,94846.109375,95148.7890625,831299584
2025-05-01 07:00:00+00:00,95050.1484375,95114.9375,94847.0625,94884.1796875,0
2025-05-01 08:00:00+00:00,95212.5078125,95212.5078125,94943.921875,95041.78125,0
2025-05-01 09:00:00+00:00,95627.0625,95771.9765625,95156.90625,95201.2109375,1564506112
2025-05-01 10:00:00+00:00,96192.140625,96319.4609375,95640.25,95646.5078125,1890936832
2025-05-01 11:00:00+00:00,96214.0,96270.078125,95878.265625,96240.8828125,0
2025-05-01 12:00:00+00:00,96388.3984375,96455.921875,96160.46875,96213.5546875,546856960
2025-05-01 13:00:00+00:00,95895.8671875,96660.6484375,95895.8671875,96394.5859375,0
2025-05-01 14:00:00+00:00,96862.9609375,96862.9609375,95895.921875,95895.921875,413958144
2025-05-01 15:00:00+00:00,96926.359375,97348.703125,96867.328125,96911.3828125,1655232512
2025-05-01 16:00:00+00:00,97106.921875,97386.546875,96912.953125,96912.953125,168146944
2025-05-01 17:00:00+00:00,96807.9453125,97246.046875,96599.5859375,97066.0859375,515270656
2025-05-01 18:00:00+00:00,96891.0390625,96956.546875,96494.4921875,96817.8046875,153153536
2025-05-01 19:00:00+00:00,96538.296875,96858.3125,96494.0234375,96858.3125,372398080
2025-05-01 20:00:00+00:00,96457.734375,96886.7578125,96404.1640625,96546.3515625,224720896
2025-05-01 21:00:00+00:00,96523.4296875,96798.234375,96484.1953125,96484.1953125,595597312
2025-05-01 22:00:00+00:00,96399.59375,96651.453125,96399.59375,96505.375,0
2025-05-01 23:00:00+00:00,96489.25,96499.1015625,96242.7421875,96407.3203125,0
2025-05-02 00:00:00+00:00,97038.0078125,97038.0078125,96491.53125,96491.53125,0
2025-05-02 01:00:00+00:00,97018.6171875,97155.578125,96827.28125,97054.09375,180967424
2025-05-02 02:00:00+00:00,96996.3515625,97038.4296875,96758.8203125,96992.4140625,504676352
2025-05-02 03:00:00+00:00,97134.0234375,97235.8984375,96982.2578125,96982.2578125,0
2025-05-02 04:00:00+00:00,96959.6328125,97251.46875,96917.4921875,97125.703125,302354432
2025-05-02 05:00:00+00:00,96720.578125,97009.0703125,96672.0,96936.5390625,0
2025-05-02 06:00:00+00:00,96714.0546875,96881.140625,96633.40625,96720.9375,741076992
2025-05-02 07:00:00+00:00,96419.15625,96746.6640625,96390.5625,96724.0390625,719659008
2025-05-02 08:00:00+00:00,96639.6796875,96769.1640625,96381.7890625,96381.7890625,0
2025-05-02 09:00:00+00:00,96671.78125,96787.203125,96538.09375,96652.890625,0
2025-05-02 10:00:00+00:00,96871.328125,96930.453125,96621.546875,96621.546875,0
2025-05-02 11:00:00+00:00,96969.28125,97070.1953125,96896.6953125,96896.6953125,0
2025-05-02 12:00:00+00:00,97179.1171875,97186.0625,96723.515625,96956.03125,0
2025-05-02 13:00:00+00:00,96776.296875,97214.0859375,96772.8203125,97200.2421875,0
2025-05-02 14:00:00+00:00,97788.7265625,97844.90625,96786.734375,96786.734375,0
2025-05-02 15:00:00+00:00,97394.171875,97888.984375,97157.140625,97811.7265625,0
2025-05-02 16:00:00+00:00,97398.4140625,97804.046875,97365.796875,97365.796875,0
2025-05-02 17:00:00+00:00,97458.578125,97458.578125,97148.1171875,97407.0703125,0
2025-05-02 18:00:00+00:00,97212.9375,97630.15625,97212.9375,97454.7421875,0
2025-05-02 19:00:00+00:00,96983.0703125,97209.8828125,96806.9375,97189.6328125,22476800
2025-05-02 20:00:00+00:00,97043.5,97157.296875,96927.4921875,96953.3125,0
2025-05-02 21:00:00+00:00,96628.3828125,97075.7890625,96604.578125,97055.03125,0
2025-05-02 22:00:00+00:00,96661.3515625,96786.6640625,96614.6875,96760.2734375,809535488
2025-05-02 23:00:00+00:00,96895.5625,96895.5625,96640.09375,96668.2421875,0
2025-05-03 00:00:00+00:00,96707.8046875,96933.765625,96670.1875,96917.78125,0
2025-05-03 01:00:00+00:00,96499.8984375,96748.0234375,96476.4140625,96714.21875,0
2025-05-03 02:00:00+00:00,96573.4765625,96728.21875,96507.109375,96507.109375,0
2025-05-03 03:00:00+00:00,96389.1328125,96559.90625,96353.7890625,96559.90625,139544576
2025-05-03 04:00:00+00:00,96534.84375,96589.625,96372.890625,96372.890625,0
2025-05-03 05:00:00+00:00,96478.234375,96617.84375,96444.921875,96536.765625,0
2025-05-03 06:00:00+00:00,96235.0390625,96463.90625,96201.8828125,96463.90625,0
2025-05-03 07:00:00+00:00,96375.796875,96417.0703125,96212.578125,96212.578125,0
2025-05-03 08:00:00+00:00,96328.59375,96439.5546875,96185.625,96342.9765625,0
2025-05-03 09:00:00+00:00,96266.0546875,96421.96875,96250.5390625,96337.3046875,0
2025-05-03 10:00:00+00:00,95914.9375,96275.7890625,95914.9375,96264.3671875,389076992
2025-05-03 11:00:00+00:00,95955.53125,96092.7265625,95929.296875,95929.296875,0
2025-05-03 12:00:00+00:00,96145.0,96175.46875,95926.7890625,95961.5390625,0
2025-05-03 13:00:00+00:00,96321.046875,96328.5546875,96150.8359375,96169.59375,0
2025-05-03 14:00:00+00:00,96389.71875,96425.796875,96326.5,96362.375,0
2025-05-03 15:00:00+00:00,96442.15625,96523.9609375,96360.21875,96402.0390625,0
2025-05-03 16:00:00+00:00,96237.7265625,96442.59375,96157.5234375,96435.0078125,0
2025-05-03 17:00:00+00:00,96208.140625,96238.9453125,95954.5,96238.9453125,0
2025-05-03 18:00:00+00:00,96151.65625,96282.25,96126.359375,96221.6875,77124608
2025-05-03 19:00:00+00:00,96383.1953125,96383.1953125,96168.203125,96168.203125,0
2025-05-03 20:00:00+00:00,96345.0078125,96415.3203125,96310.265625,96376.796875,351210496
2025-05-03 21:00:00+00:00,96282.5,96434.0,96282.5,96366.1015625,0
2025-05-03 22:00:00+00:00,96201.0703125,96338.1796875,96201.0703125,96302.6328125,0
2025-05-03 23:00:00+00:00,95881.328125,96199.03125,95835.59375,96199.03125,299040768
2025-05-04 00:00:00+00:00,95897.765625,96044.15625,95810.4140625,95853.4921875,0
2025-05-04 01:00:00+00:00,96127.5390625,96127.5390625,95664.4765625,95901.3671875,0
2025-05-04 02:00:00+00:00,95926.15625,96290.4140625,95872.0,96125.0546875,1080810496
2025-05-04 03:00:00+00:00,95811.625,95919.0390625,95710.6796875,95919.0390625,0
2025-05-04 04:00:00+00:00,95760.765625,95948.5703125,95755.84375,95765.6328125,0
2025-05-04 05:00:00+00:00,96061.7265625,96144.421875,95778.7109375,95778.734375,0
2025-05-04 06:00:00+00:00,95928.8125,96153.4296875,95915.921875,96062.109375,795664384
2025-05-04 07:00:00+00:00,95886.1875,96076.7421875,95846.875,95931.734375,0
2025-05-04 08:00:00+00:00,95664.96875,95936.8359375,95562.96875,95914.2890625,0
2025-05-04 09:00:00+00:00,95512.40625,95675.6171875,95486.3515625,95672.4921875,0
2025-05-04 10:00:00+00:00,95449.359375,95512.421875,95374.4375,95489.265625,0
2025-05-04 11:00:00+00:00,95418.0859375,95551.0390625,95385.8359375,95445.71875,22388736
2025-05-04 12:00:00+00:00,95486.703125,95593.2265625,95433.6640625,95433.6640625,0
2025-05-04 13:00:00+00:00,95387.53125,95586.3203125,95286.6796875,95496.25,101622784
2025-05-04 14:00:00+00:00,95642.4296875,95642.4296875,95359.53125,95381.171875,232975360
2025-05-04 15:00:00+00:00,95474.78125,95682.8828125,95455.1328125,95650.1796875,263465984
2025-05-04 16:00:00+00:00,95339.75,95557.015625,95327.2890625,95473.4296875,0
2025-05-04 17:00:00+00:00,95428.8515625,95474.4140625,95303.1328125,95351.6796875,0
2025-05-04 18:00:00+00:00,95418.1953125,95494.734375,95393.6953125,95420.3046875,0
2025-05-04 19:00:00+00:00,95571.0,95639.609375,95371.6953125,95391.984375,379224064
2025-05-04 20:00:00+00:00,95705.953125,95730.953125,95582.953125,95582.953125,0
2025-05-04 21:00:00+00:00,95702.8515625,95762.1796875,95648.53125,95721.65625,588814336
2025-05-04 22:00:00+00:00,95021.2890625,95703.0625,94793.890625,95703.0625,1216123904
2025-05-04 23:00:00+00:00,94261.671875,95013.0078125,94210.3203125,95013.0078125,1191737344
2025-05-05 00:00:00+00:00,94733.7578125,94795.015625,94270.5546875,94270.5546875,449959936
2025-05-05 01:00:00+00:00,93939.5,94692.5546875,93828.6328125,94642.75,1196283904
2025-05-05 02:00:00+00:00,94248.453125,94358.46875,93662.453125,93925.046875,739735552
2025-05-05 03:00:00+00:00,94055.65625,94285.3203125,94054.0234375,94253.34375,476323840
2025-05-05 04:00:00+00:00,94422.71875,94428.2421875,94081.984375,94090.90625,0
2025-05-05 05:00:00+00:00,94656.109375,94656.109375,94284.46875,94412.8515625,415260672
2025-05-05 06:00:00+00:00,94767.703125,94767.703125,94582.8671875,94711.15625,293156864
2025-05-05 07:00:00+00:00,94732.921875,94765.8671875,94549.828125,94765.8671875,320167936
2025-05-05 08:00:00+00:00,94562.078125,94751.1171875,94513.3828125,94751.1171875,34727936
2025-05-05 09:00:00+00:00,94572.1015625,94647.9140625,94506.546875,94560.546875,0
2025-05-05 10:00:00+00:00,94135.96875,94578.71875,94089.6796875,94562.5625,263968768
2025-05-05 11:00:00+00:00,94098.9453125,94259.7734375,93922.4453125,94140.5625,478533632
2025-05-05 12:00:00+00:00,94336.3359375,94341.1953125,93952.078125,94040.125,846260224
2025-05-05 13:00:00+00:00,94121.0078125,94411.1875,93717.5859375,94335.59375,0
2025-05-05 14:00:00+00:00,93890.3984375,94521.6875,93770.75,94192.859375,788699136
2025-05-05 15:00:00+00:00,93708.7734375,93948.1875,93633.9296875,93884.5546875,1695303680
2025-05-05 16:00:00+00:00,94222.0859375,94272.1484375,93751.25,93751.25,7481849856
